2018-05-12_03:08:37;shake;0.01;1;1
2018-05-12_03:08:37;shake;0.01;2;1
2018-05-12_03:08:37;shake;0.01;3;1
2018-05-12_03:08:37;shake;0.01;4;1
2018-05-12_03:08:37;shake;0.01;6;1
2018-05-12_03:08:37;shake;0.01;7;1
2018-05-12_03:08:37;shake;0.01;8;1
2018-05-12_03:08:37;shake;0.01;9;1
2018-05-12_03:08:37;shake;0.01;10;1
2018-05-12_03:08:37;shake;0.01;12;1
2018-05-12_03:08:37;shake;0.01;13;1
2018-05-12_03:08:37;shake;0.01;14;1
2018-05-12_03:08:37;shake;0.01;15;1
2018-05-12_03:08:37;shake;0.01;16;1
2018-05-12_03:08:37;shake;0.01;17;1
2018-05-12_03:08:37;shake;0.01;18;1
2018-05-12_03:08:37;shake;0.01;19;1
2018-05-12_03:08:37;shake;0.01;20;1
2018-05-12_03:08:37;shake;0.01;21;1
2018-05-12_03:08:37;shake;0.01;22;1
2018-05-12_03:08:37;shake;0.01;23;1
2018-05-12_03:08:37;shake;0.01;24;1
2018-05-12_03:08:37;shake;0.01;25;1
2018-05-12_03:08:37;shake;0.01;26;1
2018-05-12_03:08:37;shake;0.01;27;1
2018-05-12_03:08:37;shake;0.01;28;1
2018-05-12_03:08:37;shake;0.01;31;1
2018-05-12_03:08:37;shake;0.01;33;1
2018-05-12_03:08:37;shake;0.01;34;1
2018-05-12_03:08:37;shake;0.01;35;1
2018-05-12_03:08:37;shake;0.01;37;1
2018-05-12_03:08:37;shake;0.01;38;1
2018-05-12_03:08:37;shake;0.01;39;1
2018-05-12_03:08:37;shake;0.01;41;1
2018-05-12_03:08:37;shake;0.01;42;1
2018-05-12_03:08:37;shake;0.01;43;1
2018-05-12_03:08:37;shake;0.01;44;1
2018-05-12_03:08:37;shake;0.01;45;1
2018-05-12_03:08:37;shake;0.01;46;1
2018-05-12_03:08:37;shake;0.01;47;1
2018-05-12_03:08:37;shake;0.01;48;1
2018-05-12_03:08:37;shake;0.01;49;1
2018-05-12_03:08:37;shake;0.01;50;1
2018-05-12_03:08:37;shake;0.01;51;1
2018-05-12_03:08:37;shake;0.01;52;1
2018-05-12_03:08:37;shake;0.01;53;1
2018-05-12_03:08:37;shake;0.01;56;1
2018-05-12_03:08:37;shake;0.01;57;1
2018-05-12_03:08:37;shake;0.01;60;1
2018-05-12_03:08:37;shake;0.01;61;1
2018-05-12_03:08:37;shake;0.01;62;1
2018-05-12_03:08:37;shake;0.01;63;1
2018-05-12_03:08:37;shake;0.01;65;1
2018-05-12_03:08:37;shake;0.01;66;1
2018-05-12_03:08:37;shake;0.01;68;1
2018-05-12_03:08:37;shake;0.01;70;1
2018-05-12_03:08:37;shake;0.01;71;1
2018-05-12_03:08:37;shake;0.01;72;1
2018-05-12_03:08:37;shake;0.01;73;1
2018-05-12_03:08:37;shake;0.01;74;1
2018-05-12_03:08:37;shake;0.01;75;1
2018-05-12_03:08:37;shake;0.01;77;1
2018-05-12_03:08:37;shake;0.01;78;1
2018-05-12_03:08:37;shake;0.01;81;1
2018-05-12_03:08:37;shake;0.01;82;1
2018-05-12_03:08:37;shake;0.01;83;1
2018-05-12_03:08:37;shake;0.01;85;1
2018-05-12_03:08:37;shake;0.01;86;1
2018-05-12_03:08:37;shake;0.01;87;1
2018-05-12_03:08:37;shake;0.01;88;1
2018-05-12_03:08:37;shake;0.01;89;1
2018-05-12_03:08:37;shake;0.01;92;1
2018-05-12_03:08:37;shake;0.01;93;1
2018-05-12_03:08:37;shake;0.01;94;1
2018-05-12_03:08:37;shake;0.01;95;1
2018-05-12_03:08:37;shake;0.01;96;1
2018-05-12_03:08:37;shake;0.01;97;1
2018-05-12_03:08:37;shake;0.01;99;1
2018-05-12_03:08:37;shake;0.01;101;1
2018-05-12_03:08:37;shake;0.01;102;1
2018-05-12_03:08:37;shake;0.01;103;1
2018-05-12_03:08:37;shake;0.01;105;1
2018-05-12_03:08:37;shake;0.01;106;1
2018-05-12_03:08:37;shake;0.01;107;1
2018-05-12_03:08:37;shake;0.01;108;1
2018-05-12_03:08:37;shake;0.01;109;1
2018-05-12_03:08:37;shake;0.01;110;1
2018-05-12_03:08:37;shake;0.01;112;1
2018-05-12_03:08:37;shake;0.01;114;1
2018-05-12_03:08:37;shake;0.01;115;1
2018-05-12_03:08:37;shake;0.01;116;1
2018-05-12_03:08:37;shake;0.01;117;1
2018-05-12_03:08:37;shake;0.01;118;1
2018-05-12_03:08:37;shake;0.01;119;1
2018-05-12_03:08:37;shake;0.01;120;1
2018-05-12_03:08:37;shake;0.01;121;1
2018-05-12_03:08:37;shake;0.01;122;1
2018-05-12_03:08:37;shake;0.01;123;1
2018-05-12_03:08:37;shake;0.01;124;1
2018-05-12_03:08:37;shake;0.01;125;1
2018-05-12_03:08:37;shake;0.01;127;1
2018-05-12_03:08:37;shake;0.01;128;1
2018-05-12_03:08:37;shake;0.01;129;1
2018-05-12_03:08:37;shake;0.01;130;1
2018-05-12_03:08:37;shake;0.01;131;1
2018-05-12_03:08:37;shake;0.01;132;1
2018-05-12_03:08:37;shake;0.01;133;1
2018-05-12_03:08:37;shake;0.01;134;1
2018-05-12_03:08:37;shake;0.01;135;1
2018-05-12_03:08:37;shake;0.01;137;1
2018-05-12_03:08:37;shake;0.01;139;1
2018-05-12_03:08:37;shake;0.01;140;1
2018-05-12_03:08:37;shake;0.01;141;1
2018-05-12_03:08:37;shake;0.01;142;1
2018-05-12_03:08:37;shake;0.01;143;1
2018-05-12_03:08:37;shake;0.01;144;1
2018-05-12_03:08:37;shake;0.01;145;1
2018-05-12_03:08:37;shake;0.01;146;1
2018-05-12_03:08:37;shake;0.01;147;1
2018-05-12_03:08:37;shake;0.01;149;1
2018-05-12_03:08:37;shake;0.01;150;1
2018-05-12_03:08:37;shake;0.01;151;1
2018-05-12_03:08:37;shake;0.01;152;1
2018-05-12_03:08:37;shake;0.01;154;1
2018-05-12_03:08:37;shake;0.01;155;1
2018-05-12_03:08:37;shake;0.01;157;1
2018-05-12_03:08:37;shake;0.01;158;1
2018-05-12_03:08:37;shake;0.01;159;1
2018-05-12_03:08:37;shake;0.01;160;1
2018-05-12_03:08:37;shake;0.01;161;1
2018-05-12_03:08:37;shake;0.01;162;1
2018-05-12_03:08:37;shake;0.01;163;1
2018-05-12_03:08:37;shake;0.01;164;1
2018-05-12_03:08:37;shake;0.01;166;1
2018-05-12_03:08:37;shake;0.01;167;1
2018-05-12_03:08:37;shake;0.01;168;1
2018-05-12_03:08:37;shake;0.01;169;1
2018-05-12_03:08:37;shake;0.01;170;1
2018-05-12_03:08:37;shake;0.01;171;1
2018-05-12_03:08:37;shake;0.01;172;1
2018-05-12_03:08:37;shake;0.01;173;1
2018-05-12_03:08:37;shake;0.01;174;1
2018-05-12_03:08:37;shake;0.01;176;1
2018-05-12_03:08:37;shake;0.01;177;1
2018-05-12_03:08:37;shake;0.01;178;1
2018-05-12_03:08:37;shake;0.01;180;1
2018-05-12_03:08:37;shake;0.01;182;1
2018-05-12_03:08:37;shake;0.01;183;1
2018-05-12_03:08:37;shake;0.01;184;1
2018-05-12_03:08:37;shake;0.01;185;1
2018-05-12_03:08:37;shake;0.01;186;1
2018-05-12_03:08:37;shake;0.01;187;1
2018-05-12_03:08:37;shake;0.01;188;1
2018-05-12_03:08:37;shake;0.01;190;1
2018-05-12_03:08:37;shake;0.01;191;1
2018-05-12_03:08:37;shake;0.01;192;1
2018-05-12_03:08:37;shake;0.01;193;1
2018-05-12_03:08:37;shake;0.01;194;1
2018-05-12_03:08:37;shake;0.01;195;1
2018-05-12_03:08:37;shake;0.01;196;1
2018-05-12_03:08:37;shake;0.01;197;1
2018-05-12_03:08:37;shake;0.01;199;1
2018-05-12_03:08:37;shake;0.01;200;1
2018-05-12_03:08:37;shake;0.01;201;1
2018-05-12_03:08:37;shake;0.01;203;1
2018-05-12_03:08:37;shake;0.01;204;1
2018-05-12_03:08:37;shake;0.01;206;1
2018-05-12_03:08:37;shake;0.01;207;1
2018-05-12_03:08:37;shake;0.01;208;1
2018-05-12_03:08:37;shake;0.01;209;1
2018-05-12_03:08:37;shake;0.01;210;1
2018-05-12_03:08:37;shake;0.01;211;1
2018-05-12_03:08:37;shake;0.01;212;1
2018-05-12_03:08:37;shake;0.01;213;1
2018-05-12_03:08:37;shake;0.01;214;1
2018-05-12_03:08:37;shake;0.01;215;1
2018-05-12_03:08:37;shake;0.01;216;1
2018-05-12_03:08:37;shake;0.01;217;1
2018-05-12_03:08:37;shake;0.01;218;1
2018-05-12_03:08:37;shake;0.01;219;1
2018-05-12_03:08:37;shake;0.01;221;1
2018-05-12_03:08:37;shake;0.01;222;1
2018-05-12_03:08:37;shake;0.01;223;1
2018-05-12_03:08:37;shake;0.01;224;1
2018-05-12_03:08:37;shake;0.01;226;1
2018-05-12_03:08:37;shake;0.01;227;1
2018-05-12_03:08:37;shake;0.01;228;1
2018-05-12_03:08:37;shake;0.01;229;1
2018-05-12_03:08:37;shake;0.01;230;1
2018-05-12_03:08:37;shake;0.01;231;1
2018-05-12_03:08:37;shake;0.01;232;1
2018-05-12_03:08:37;shake;0.01;233;1
2018-05-12_03:08:37;shake;0.01;235;1
2018-05-12_03:08:37;shake;0.01;236;1
2018-05-12_03:08:37;shake;0.01;237;1
2018-05-12_03:08:37;shake;0.01;238;1
2018-05-12_03:08:37;shake;0.01;239;1
2018-05-12_03:08:37;shake;0.01;240;1
2018-05-12_03:08:37;shake;0.01;241;1
2018-05-12_03:08:37;shake;0.01;242;1
2018-05-12_03:08:37;shake;0.01;243;1
2018-05-12_03:08:37;shake;0.01;244;1
2018-05-12_03:08:37;shake;0.01;246;1
2018-05-12_03:08:37;shake;0.01;247;1
2018-05-12_03:08:37;shake;0.01;248;1
2018-05-12_03:08:37;shake;0.01;249;1
2018-05-12_03:08:37;shake;0.01;250;1
2018-05-12_03:08:37;shake;0.002;252;1
2018-05-12_03:08:37;shake;0.002;254;1
2018-05-12_03:08:37;shake;0.002;255;1
2018-05-12_03:08:37;shake;0.002;258;1
2018-05-12_03:08:37;shake;0.002;259;1
2018-05-12_03:08:37;shake;0.002;260;1
2018-05-12_03:08:37;shake;0.002;261;1
2018-05-12_03:08:37;shake;0.002;262;1
2018-05-12_03:08:37;shake;0.002;263;1
2018-05-12_03:08:37;shake;0.002;264;1
2018-05-12_03:08:37;shake;0.002;265;1
2018-05-12_03:08:37;shake;0.002;266;1
2018-05-12_03:08:37;shake;0.002;267;1
2018-05-12_03:08:37;shake;0.002;268;1
2018-05-12_03:08:37;shake;0.002;269;1
2018-05-12_03:08:37;shake;0.002;271;1
2018-05-12_03:08:37;shake;0.002;272;1
2018-05-12_03:08:37;shake;0.002;273;1
2018-05-12_03:08:37;shake;0.002;274;1
2018-05-12_03:08:37;shake;0.002;275;1
2018-05-12_03:08:37;shake;0.002;276;1
2018-05-12_03:08:37;shake;0.002;277;1
2018-05-12_03:08:37;shake;0.002;279;1
2018-05-12_03:08:37;shake;0.002;281;1
2018-05-12_03:08:37;shake;0.002;282;1
2018-05-12_03:08:37;shake;0.002;283;1
2018-05-12_03:08:37;shake;0.002;285;1
2018-05-12_03:08:37;shake;0.002;286;1
2018-05-12_03:08:37;shake;0.002;287;1
2018-05-12_03:08:37;shake;0.002;288;1
2018-05-12_03:08:37;shake;0.002;289;1
2018-05-12_03:08:37;shake;0.002;290;1
2018-05-12_03:08:37;shake;0.002;291;1
2018-05-12_03:08:37;shake;0.002;292;1
2018-05-12_03:08:37;shake;0.002;293;1
2018-05-12_03:08:37;shake;0.002;294;1
2018-05-12_03:08:37;shake;0.002;295;1
2018-05-12_03:08:37;shake;0.002;296;1
2018-05-12_03:08:37;shake;0.002;297;1
2018-05-12_03:08:37;shake;0.002;298;1
2018-05-12_03:08:37;shake;0.002;299;1
2018-05-12_03:08:37;shake;0.002;300;1
2018-05-12_03:08:37;shake;0.002;301;1
2018-05-12_03:08:37;shake;0.002;302;1
2018-05-12_03:08:37;shake;0.002;303;1
2018-05-12_03:08:37;shake;0.002;305;1
2018-05-12_03:08:37;shake;0.002;306;1
2018-05-12_03:08:37;shake;0.002;307;1
2018-05-12_03:08:37;shake;0.002;308;1
2018-05-12_03:08:37;shake;0.002;309;1
2018-05-12_03:08:37;shake;0.002;310;1
2018-05-12_03:08:37;shake;0.002;311;1
2018-05-12_03:08:37;shake;0.002;313;1
2018-05-12_03:08:37;shake;0.002;314;1
2018-05-12_03:08:37;shake;0.002;315;1
2018-05-12_03:08:37;shake;0.002;316;1
2018-05-12_03:08:37;shake;0.002;318;1
2018-05-12_03:08:37;shake;0.002;319;1
2018-05-12_03:08:37;shake;0.002;321;1
2018-05-12_03:08:37;shake;0.002;322;1
2018-05-12_03:08:37;shake;0.002;323;1
2018-05-12_03:08:37;shake;0.002;324;1
2018-05-12_03:08:37;shake;0.002;325;1
2018-05-12_03:08:37;shake;0.002;326;1
2018-05-12_03:08:37;shake;0.002;327;1
2018-05-12_03:08:37;shake;0.002;328;1
2018-05-12_03:08:37;shake;0.002;329;1
2018-05-12_03:08:37;shake;0.002;330;1
2018-05-12_03:08:37;shake;0.002;331;1
2018-05-12_03:08:37;shake;0.002;332;1
2018-05-12_03:08:37;shake;0.002;333;1
2018-05-12_03:08:37;shake;0.002;334;1
2018-05-12_03:08:37;shake;0.002;335;1
2018-05-12_03:08:37;shake;0.002;336;1
2018-05-12_03:08:37;shake;0.002;337;1
2018-05-12_03:08:37;shake;0.002;338;1
2018-05-12_03:08:37;shake;0.002;339;1
2018-05-12_03:08:37;shake;0.002;340;1
2018-05-12_03:08:37;shake;0.002;342;1
2018-05-12_03:08:37;shake;0.002;343;1
2018-05-12_03:08:37;shake;0.002;344;1
2018-05-12_03:08:37;shake;0.002;345;1
2018-05-12_03:08:37;shake;0.002;346;1
2018-05-12_03:08:37;shake;0.002;347;1
2018-05-12_03:08:37;shake;0.002;348;1
2018-05-12_03:08:37;shake;0.002;350;1
2018-05-12_03:08:37;shake;0.002;351;1
2018-05-12_03:08:37;shake;0.002;352;1
2018-05-12_03:08:37;shake;0.002;353;1
2018-05-12_03:08:37;shake;0.002;354;1
2018-05-12_03:08:37;shake;0.002;356;1
2018-05-12_03:08:37;shake;0.002;357;1
2018-05-12_03:08:37;shake;0.002;358;1
2018-05-12_03:08:37;shake;0.002;360;1
2018-05-12_03:08:37;shake;0.002;361;1
2018-05-12_03:08:37;shake;0.002;362;1
2018-05-12_03:08:37;shake;0.002;363;1
2018-05-12_03:08:37;shake;0.002;364;1
2018-05-12_03:08:37;shake;0.002;365;1
2018-05-12_03:08:37;shake;0.002;367;1
2018-05-12_03:08:37;shake;0.002;368;1
2018-05-12_03:08:37;shake;0.002;370;1
2018-05-12_03:08:37;shake;0.002;371;1
2018-05-12_03:08:37;shake;0.002;372;1
2018-05-12_03:08:37;shake;0.002;374;1
2018-05-12_03:08:37;shake;0.002;375;1
2018-05-12_03:08:37;shake;0.002;376;1
2018-05-12_03:08:37;shake;0.002;377;1
2018-05-12_03:08:37;shake;0.002;379;1
2018-05-12_03:08:37;shake;0.002;380;1
2018-05-12_03:08:37;shake;0.002;381;1
2018-05-12_03:08:37;shake;0.002;382;1
2018-05-12_03:08:37;shake;0.002;383;1
2018-05-12_03:08:37;shake;0.002;384;1
2018-05-12_03:08:37;shake;0.002;385;1
2018-05-12_03:08:37;shake;0.002;386;1
2018-05-12_03:08:37;shake;0.002;387;1
2018-05-12_03:08:37;shake;0.002;389;1
2018-05-12_03:08:37;shake;0.002;390;1
2018-05-12_03:08:37;shake;0.002;392;1
2018-05-12_03:08:37;shake;0.002;393;1
2018-05-12_03:08:37;shake;0.002;394;1
2018-05-12_03:08:37;shake;0.002;395;1
2018-05-12_03:08:37;shake;0.002;397;1
2018-05-12_03:08:37;shake;0.002;398;1
2018-05-12_03:08:37;shake;0.002;399;1
2018-05-12_03:08:37;shake;0.002;401;1
2018-05-12_03:08:37;shake;0.002;403;1
2018-05-12_03:08:37;shake;0.002;404;1
2018-05-12_03:08:37;shake;0.002;405;1
2018-05-12_03:08:37;shake;0.002;406;1
2018-05-12_03:08:37;shake;0.002;407;1
2018-05-12_03:08:37;shake;0.002;408;1
2018-05-12_03:08:37;shake;0.002;409;1
2018-05-12_03:08:37;shake;0.002;410;1
2018-05-12_03:08:37;shake;0.002;411;1
2018-05-12_03:08:37;shake;0.002;412;1
2018-05-12_03:08:37;shake;0.002;413;1
2018-05-12_03:08:37;shake;0.002;414;1
2018-05-12_03:08:37;shake;0.002;415;1
2018-05-12_03:08:37;shake;0.002;416;1
2018-05-12_03:08:37;shake;0.002;419;1
2018-05-12_03:08:37;shake;0.002;420;1
2018-05-12_03:08:37;shake;0.002;421;1
2018-05-12_03:08:37;shake;0.002;422;1
2018-05-12_03:08:37;shake;0.002;423;1
2018-05-12_03:08:37;shake;0.002;424;1
2018-05-12_03:08:37;shake;0.002;425;1
2018-05-12_03:08:37;shake;0.002;426;1
2018-05-12_03:08:37;shake;0.002;427;1
2018-05-12_03:08:37;shake;0.002;428;1
2018-05-12_03:08:37;shake;0.002;430;1
2018-05-12_03:08:37;shake;0.002;431;1
2018-05-12_03:08:37;shake;0.002;432;1
2018-05-12_03:08:37;shake;0.002;433;1
2018-05-12_03:08:37;shake;0.002;434;1
2018-05-12_03:08:37;shake;0.002;435;1
2018-05-12_03:08:37;shake;0.002;436;1
2018-05-12_03:08:37;shake;0.002;437;1
2018-05-12_03:08:37;shake;0.002;438;1
2018-05-12_03:08:37;shake;0.002;439;1
2018-05-12_03:08:37;shake;0.002;440;1
2018-05-12_03:08:37;shake;0.002;441;1
2018-05-12_03:08:37;shake;0.002;443;1
2018-05-12_03:08:37;shake;0.002;444;1
2018-05-12_03:08:37;shake;0.002;445;1
2018-05-12_03:08:37;shake;0.002;446;1
2018-05-12_03:08:37;shake;0.002;447;1
2018-05-12_03:08:37;shake;0.002;448;1
2018-05-12_03:08:37;shake;0.002;449;1
2018-05-12_03:08:37;shake;0.002;450;1
2018-05-12_03:08:37;shake;0.002;451;1
2018-05-12_03:08:37;shake;0.002;452;1
2018-05-12_03:08:37;shake;0.002;453;1
2018-05-12_03:08:37;shake;0.002;454;1
2018-05-12_03:08:37;shake;0.002;455;1
2018-05-12_03:08:37;shake;0.002;456;1
2018-05-12_03:08:37;shake;0.002;457;1
2018-05-12_03:08:37;shake;0.002;458;1
2018-05-12_03:08:37;shake;0.002;459;1
2018-05-12_03:08:37;shake;0.002;461;1
2018-05-12_03:08:37;shake;0.002;462;1
2018-05-12_03:08:37;shake;0.002;463;1
2018-05-12_03:08:37;shake;0.002;464;1
2018-05-12_03:08:37;shake;0.002;465;1
2018-05-12_03:08:37;shake;0.002;466;1
2018-05-12_03:08:37;shake;0.002;467;1
2018-05-12_03:08:37;shake;0.002;468;1
2018-05-12_03:08:37;shake;0.002;469;1
2018-05-12_03:08:37;shake;0.002;470;1
2018-05-12_03:08:37;shake;0.002;471;1
2018-05-12_03:08:37;shake;0.002;472;1
2018-05-12_03:08:37;shake;0.002;473;1
2018-05-12_03:08:37;shake;0.002;474;1
2018-05-12_03:08:37;shake;0.002;475;1
2018-05-12_03:08:37;shake;0.002;476;1
2018-05-12_03:08:37;shake;0.002;477;1
2018-05-12_03:08:37;shake;0.002;478;1
2018-05-12_03:08:37;shake;0.002;479;1
2018-05-12_03:08:37;shake;0.002;480;1
2018-05-12_03:08:37;shake;0.002;483;1
2018-05-12_03:08:37;shake;0.002;484;1
2018-05-12_03:08:37;shake;0.002;485;1
2018-05-12_03:08:37;shake;0.002;486;1
2018-05-12_03:08:37;shake;0.002;487;1
2018-05-12_03:08:37;shake;0.002;488;1
2018-05-12_03:08:37;shake;0.002;489;1
2018-05-12_03:08:37;shake;0.002;490;1
2018-05-12_03:08:37;shake;0.002;491;1
2018-05-12_03:08:37;shake;0.002;492;1
2018-05-12_03:08:37;shake;0.002;493;1
2018-05-12_03:08:37;shake;0.002;494;1
2018-05-12_03:08:37;shake;0.002;495;1
2018-05-12_03:08:37;shake;0.002;496;1
2018-05-12_03:08:37;shake;0.002;497;1
2018-05-12_03:08:37;shake;0.002;498;1
2018-05-12_03:08:37;shake;0.002;500;1
2018-05-12_03:08:37;shake;0.002;501;1
2018-05-12_03:08:37;shake;0.002;502;1
2018-05-12_03:08:37;shake;0.002;503;1
2018-05-12_03:08:37;shake;0.002;504;1
2018-05-12_03:08:37;shake;0.002;505;1
2018-05-12_03:08:37;shake;0.002;506;1
2018-05-12_03:08:37;shake;0.002;508;1
2018-05-12_03:08:37;shake;0.002;509;1
2018-05-12_03:08:37;shake;0.002;510;1
2018-05-12_03:08:37;shake;0.002;511;1
2018-05-12_03:08:37;shake;0.002;512;1
2018-05-12_03:08:37;shake;0.002;513;1
2018-05-12_03:08:37;shake;0.002;514;1
2018-05-12_03:08:37;shake;0.002;516;1
2018-05-12_03:08:37;shake;0.002;517;1
2018-05-12_03:08:37;shake;0.002;518;1
2018-05-12_03:08:37;shake;0.002;519;1
2018-05-12_03:08:37;shake;0.002;520;1
2018-05-12_03:08:37;shake;0.002;521;1
2018-05-12_03:08:37;shake;0.002;522;1
2018-05-12_03:08:37;shake;0.002;523;1
2018-05-12_03:08:37;shake;0.002;524;1
2018-05-12_03:08:37;shake;0.002;525;1
2018-05-12_03:08:37;shake;0.002;526;1
2018-05-12_03:08:37;shake;0.002;528;1
2018-05-12_03:08:37;shake;0.002;529;1
2018-05-12_03:08:37;shake;0.002;530;1
2018-05-12_03:08:37;shake;0.002;531;1
2018-05-12_03:08:37;shake;0.002;532;1
2018-05-12_03:08:37;shake;0.002;533;1
2018-05-12_03:08:37;shake;0.002;534;1
2018-05-12_03:08:37;shake;0.002;535;1
2018-05-12_03:08:37;shake;0.002;536;1
2018-05-12_03:08:37;shake;0.002;537;1
2018-05-12_03:08:37;shake;0.002;538;1
2018-05-12_03:08:37;shake;0.002;539;1
2018-05-12_03:08:37;shake;0.002;540;1
2018-05-12_03:08:37;shake;0.002;541;1
2018-05-12_03:08:37;shake;0.002;542;1
2018-05-12_03:08:37;shake;0.002;544;1
2018-05-12_03:08:37;shake;0.002;545;1
2018-05-12_03:08:37;shake;0.002;546;1
2018-05-12_03:08:37;shake;0.002;547;1
2018-05-12_03:08:37;shake;0.002;548;1
2018-05-12_03:08:37;shake;0.002;549;1
2018-05-12_03:08:37;shake;0.002;550;1
2018-05-12_03:08:37;shake;0.002;552;1
2018-05-12_03:08:37;shake;0.002;553;1
2018-05-12_03:08:37;shake;0.002;555;1
2018-05-12_03:08:37;shake;0.002;556;1
2018-05-12_03:08:37;shake;0.002;557;1
2018-05-12_03:08:37;shake;0.002;559;1
2018-05-12_03:08:37;shake;0.002;560;1
2018-05-12_03:08:37;shake;0.002;561;1
2018-05-12_03:08:37;shake;0.002;562;1
2018-05-12_03:08:37;shake;0.002;563;1
2018-05-12_03:08:37;shake;0.002;564;1
2018-05-12_03:08:37;shake;0.002;566;1
2018-05-12_03:08:37;shake;0.002;567;1
2018-05-12_03:08:37;shake;0.002;568;1
2018-05-12_03:08:37;shake;0.002;570;1
2018-05-12_03:08:37;shake;0.002;571;1
2018-05-12_03:08:37;shake;0.002;572;1
2018-05-12_03:08:37;shake;0.002;573;1
2018-05-12_03:08:37;shake;0.002;574;1
2018-05-12_03:08:37;shake;0.002;575;1
2018-05-12_03:08:37;shake;0.002;576;1
2018-05-12_03:08:37;shake;0.002;577;1
2018-05-12_03:08:37;shake;0.002;578;1
2018-05-12_03:08:37;shake;0.002;579;1
2018-05-12_03:08:37;shake;0.002;581;1
2018-05-12_03:08:37;shake;0.002;582;1
2018-05-12_03:08:37;shake;0.002;583;1
2018-05-12_03:08:37;shake;0.002;584;1
2018-05-12_03:08:37;shake;0.002;585;1
2018-05-12_03:08:37;shake;0.002;586;1
2018-05-12_03:08:37;shake;0.002;587;1
2018-05-12_03:08:37;shake;0.002;588;1
2018-05-12_03:08:37;shake;0.002;589;1
2018-05-12_03:08:37;shake;0.002;591;1
2018-05-12_03:08:37;shake;0.002;593;1
2018-05-12_03:08:37;shake;0.002;594;1
2018-05-12_03:08:37;shake;0.002;595;1
2018-05-12_03:08:37;shake;0.002;596;1
2018-05-12_03:08:37;shake;0.002;597;1
2018-05-12_03:08:37;shake;0.002;598;1
2018-05-12_03:08:37;shake;0.002;599;1
2018-05-12_03:08:37;shake;0.002;601;1
2018-05-12_03:08:37;shake;0.002;602;1
2018-05-12_03:08:37;shake;0.002;604;1
2018-05-12_03:08:37;shake;0.002;605;1
2018-05-12_03:08:37;shake;0.002;606;1
2018-05-12_03:08:37;shake;0.002;607;1
2018-05-12_03:08:37;shake;0.002;609;1
2018-05-12_03:08:37;shake;0.002;610;1
2018-05-12_03:08:37;shake;0.002;611;1
2018-05-12_03:08:37;shake;0.002;612;1
2018-05-12_03:08:37;shake;0.002;613;1
2018-05-12_03:08:37;shake;0.002;614;1
2018-05-12_03:08:37;shake;0.002;615;1
2018-05-12_03:08:37;shake;0.002;616;1
2018-05-12_03:08:37;shake;0.002;617;1
2018-05-12_03:08:37;shake;0.002;618;1
2018-05-12_03:08:37;shake;0.002;620;1
2018-05-12_03:08:37;shake;0.002;621;1
2018-05-12_03:08:37;shake;0.002;622;1
2018-05-12_03:08:37;shake;0.002;623;1
2018-05-12_03:08:37;shake;0.002;625;1
2018-05-12_03:08:37;shake;0.002;626;1
2018-05-12_03:08:37;shake;0.002;627;1
2018-05-12_03:08:37;shake;0.002;628;1
2018-05-12_03:08:37;shake;0.002;629;1
2018-05-12_03:08:37;shake;0.002;630;1
2018-05-12_03:08:37;shake;0.002;632;1
2018-05-12_03:08:37;shake;0.002;633;1
2018-05-12_03:08:37;shake;0.002;634;1
2018-05-12_03:08:37;shake;0.002;635;1
2018-05-12_03:08:37;shake;0.002;636;1
2018-05-12_03:08:37;shake;0.002;637;1
2018-05-12_03:08:37;shake;0.002;638;1
2018-05-12_03:08:37;shake;0.002;639;1
2018-05-12_03:08:37;shake;0.002;640;1
2018-05-12_03:08:37;shake;0.002;641;1
2018-05-12_03:08:37;shake;0.002;642;1
2018-05-12_03:08:37;shake;0.002;643;1
2018-05-12_03:08:37;shake;0.002;644;1
2018-05-12_03:08:37;shake;0.002;645;1
2018-05-12_03:08:37;shake;0.002;646;1
2018-05-12_03:08:37;shake;0.002;649;1
2018-05-12_03:08:37;shake;0.002;650;1
2018-05-12_03:08:37;shake;0.002;652;1
2018-05-12_03:08:37;shake;0.002;653;1
2018-05-12_03:08:37;shake;0.002;655;1
2018-05-12_03:08:37;shake;0.002;656;1
2018-05-12_03:08:37;shake;0.002;657;1
2018-05-12_03:08:37;shake;0.002;658;1
2018-05-12_03:08:37;shake;0.002;660;1
2018-05-12_03:08:37;shake;0.002;661;1
2018-05-12_03:08:37;shake;0.002;663;1
2018-05-12_03:08:37;shake;0.002;665;1
2018-05-12_03:08:37;shake;0.002;666;1
2018-05-12_03:08:37;shake;0.002;667;1
2018-05-12_03:08:37;shake;0.002;668;1
2018-05-12_03:08:37;shake;0.002;669;1
2018-05-12_03:08:37;shake;0.002;670;1
2018-05-12_03:08:37;shake;0.002;671;1
2018-05-12_03:08:37;shake;0.002;672;1
2018-05-12_03:08:37;shake;0.002;673;1
2018-05-12_03:08:37;shake;0.002;674;1
2018-05-12_03:08:37;shake;0.002;675;1
2018-05-12_03:08:37;shake;0.002;676;1
2018-05-12_03:08:37;shake;0.002;679;1
2018-05-12_03:08:37;shake;0.002;681;1
2018-05-12_03:08:37;shake;0.002;682;1
2018-05-12_03:08:37;shake;0.002;683;1
2018-05-12_03:08:37;shake;0.002;685;1
2018-05-12_03:08:37;shake;0.002;687;1
2018-05-12_03:08:37;shake;0.002;688;1
2018-05-12_03:08:37;shake;0.002;689;1
2018-05-12_03:08:37;shake;0.002;690;1
2018-05-12_03:08:37;shake;0.002;691;1
2018-05-12_03:08:37;shake;0.002;693;1
2018-05-12_03:08:37;shake;0.002;694;1
2018-05-12_03:08:37;shake;0.002;695;1
2018-05-12_03:08:37;shake;0.002;696;1
2018-05-12_03:08:37;shake;0.002;697;1
2018-05-12_03:08:37;shake;0.002;699;1
2018-05-12_03:08:37;shake;0.002;700;1
2018-05-12_03:08:37;shake;0.002;701;1
2018-05-12_03:08:37;shake;0.002;702;1
2018-05-12_03:08:37;shake;0.002;703;1
2018-05-12_03:08:37;shake;0.002;704;1
2018-05-12_03:08:37;shake;0.002;706;1
2018-05-12_03:08:37;shake;0.002;707;1
2018-05-12_03:08:37;shake;0.002;708;1
2018-05-12_03:08:37;shake;0.002;710;1
2018-05-12_03:08:37;shake;0.002;711;1
2018-05-12_03:08:37;shake;0.002;712;1
2018-05-12_03:08:37;shake;0.002;713;1
2018-05-12_03:08:37;shake;0.002;714;1
2018-05-12_03:08:37;shake;0.002;715;1
2018-05-12_03:08:37;shake;0.002;716;1
2018-05-12_03:08:37;shake;0.002;717;1
2018-05-12_03:08:37;shake;0.002;718;1
2018-05-12_03:08:37;shake;0.002;719;1
2018-05-12_03:08:37;shake;0.002;720;1
2018-05-12_03:08:37;shake;0.002;721;1
2018-05-12_03:08:37;shake;0.002;722;1
2018-05-12_03:08:37;shake;0.002;723;1
2018-05-12_03:08:37;shake;0.002;724;1
2018-05-12_03:08:37;shake;0.002;725;1
2018-05-12_03:08:37;shake;0.002;726;1
2018-05-12_03:08:37;shake;0.002;727;1
2018-05-12_03:08:37;shake;0.002;728;1
2018-05-12_03:08:37;shake;0.002;729;1
2018-05-12_03:08:37;shake;0.002;730;1
2018-05-12_03:08:37;shake;0.002;731;1
2018-05-12_03:08:37;shake;0.002;732;1
2018-05-12_03:08:37;shake;0.002;733;1
2018-05-12_03:08:37;shake;0.002;734;1
2018-05-12_03:08:37;shake;0.002;735;1
2018-05-12_03:08:37;shake;0.002;736;1
2018-05-12_03:08:37;shake;0.002;737;1
2018-05-12_03:08:37;shake;0.002;738;1
2018-05-12_03:08:37;shake;0.002;739;1
2018-05-12_03:08:37;shake;0.002;740;1
2018-05-12_03:08:37;shake;0.002;741;1
2018-05-12_03:08:37;shake;0.002;742;1
2018-05-12_03:08:37;shake;0.002;743;1
2018-05-12_03:08:37;shake;0.002;744;1
2018-05-12_03:08:37;shake;0.002;745;1
2018-05-12_03:08:37;shake;0.002;746;1
2018-05-12_03:08:37;shake;0.002;747;1
2018-05-12_03:08:37;shake;0.002;749;1
2018-05-12_03:08:37;shake;0.002;750;1
2018-05-12_03:08:37;shake;0.002;751;1
2018-05-12_03:08:37;shake;0.002;752;1
2018-05-12_03:08:37;shake;0.002;753;1
2018-05-12_03:08:37;shake;0.002;754;1
2018-05-12_03:08:37;shake;0.002;755;1
2018-05-12_03:08:37;shake;0.002;756;1
2018-05-12_03:08:37;shake;0.002;757;1
2018-05-12_03:08:37;shake;0.002;758;1
2018-05-12_03:08:37;shake;0.002;759;1
2018-05-12_03:08:37;shake;0.002;760;1
2018-05-12_03:08:37;shake;0.002;761;1
2018-05-12_03:08:37;shake;0.002;762;1
2018-05-12_03:08:37;shake;0.002;763;1
2018-05-12_03:08:37;shake;0.002;764;1
2018-05-12_03:08:37;shake;0.002;765;1
2018-05-12_03:08:37;shake;0.002;766;1
2018-05-12_03:08:37;shake;0.002;767;1
2018-05-12_03:08:37;shake;0.002;768;1
2018-05-12_03:08:37;shake;0.002;769;1
2018-05-12_03:08:37;shake;0.002;770;1
2018-05-12_03:08:37;shake;0.002;772;1
2018-05-12_03:08:37;shake;0.002;773;1
2018-05-12_03:08:37;shake;0.002;774;1
2018-05-12_03:08:37;shake;0.002;776;1
2018-05-12_03:08:37;shake;0.002;778;1
2018-05-12_03:08:37;shake;0.002;779;1
2018-05-12_03:08:37;shake;0.002;780;1
2018-05-12_03:08:37;shake;0.002;781;1
2018-05-12_03:08:37;shake;0.002;782;1
2018-05-12_03:08:37;shake;0.002;783;1
2018-05-12_03:08:37;shake;0.002;784;1
2018-05-12_03:08:37;shake;0.002;785;1
2018-05-12_03:08:37;shake;0.002;786;1
2018-05-12_03:08:37;shake;0.002;787;1
2018-05-12_03:08:37;shake;0.002;788;1
2018-05-12_03:08:37;shake;0.002;789;1
2018-05-12_03:08:37;shake;0.002;790;1
2018-05-12_03:08:37;shake;0.002;791;1
2018-05-12_03:08:37;shake;0.002;792;1
2018-05-12_03:08:37;shake;0.002;793;1
2018-05-12_03:08:37;shake;0.002;794;1
2018-05-12_03:08:37;shake;0.002;795;1
2018-05-12_03:08:37;shake;0.002;796;1
2018-05-12_03:08:37;shake;0.002;798;1
2018-05-12_03:08:37;shake;0.002;799;1
2018-05-12_03:08:37;shake;0.002;800;1
2018-05-12_03:08:37;shake;0.002;801;1
2018-05-12_03:08:37;shake;0.002;802;1
2018-05-12_03:08:37;shake;0.002;803;1
2018-05-12_03:08:37;shake;0.002;804;1
2018-05-12_03:08:37;shake;0.002;805;1
2018-05-12_03:08:37;shake;0.002;806;1
2018-05-12_03:08:37;shake;0.002;807;1
2018-05-12_03:08:37;shake;0.002;809;1
2018-05-12_03:08:37;shake;0.002;810;1
2018-05-12_03:08:37;shake;0.002;811;1
2018-05-12_03:08:37;shake;0.002;812;1
2018-05-12_03:08:37;shake;0.002;813;1
2018-05-12_03:08:37;shake;0.002;814;1
2018-05-12_03:08:37;shake;0.002;815;1
2018-05-12_03:08:37;shake;0.002;817;1
2018-05-12_03:08:37;shake;0.002;818;1
2018-05-12_03:08:37;shake;0.002;819;1
2018-05-12_03:08:37;shake;0.002;820;1
2018-05-12_03:08:37;shake;0.002;821;1
2018-05-12_03:08:37;shake;0.002;822;1
2018-05-12_03:08:37;shake;0.002;823;1
2018-05-12_03:08:37;shake;0.002;824;1
2018-05-12_03:08:37;shake;0.002;825;1
2018-05-12_03:08:37;shake;0.002;826;1
2018-05-12_03:08:37;shake;0.002;827;1
2018-05-12_03:08:37;shake;0.002;828;1
2018-05-12_03:08:37;shake;0.002;829;1
2018-05-12_03:08:37;shake;0.002;830;1
2018-05-12_03:08:37;shake;0.002;831;1
2018-05-12_03:08:37;shake;0.002;832;1
2018-05-12_03:08:37;shake;0.002;834;1
2018-05-12_03:08:37;shake;0.002;835;1
2018-05-12_03:08:37;shake;0.002;836;1
2018-05-12_03:08:37;shake;0.002;837;1
2018-05-12_03:08:37;shake;0.002;838;1
2018-05-12_03:08:37;shake;0.002;839;1
2018-05-12_03:08:37;shake;0.002;840;1
2018-05-12_03:08:37;shake;0.002;842;1
2018-05-12_03:08:37;shake;0.002;843;1
2018-05-12_03:08:37;shake;0.002;844;1
2018-05-12_03:08:37;shake;0.002;846;1
2018-05-12_03:08:37;shake;0.002;848;1
2018-05-12_03:08:37;shake;0.002;850;1
2018-05-12_03:08:37;shake;0.002;851;1
2018-05-12_03:08:37;shake;0.002;852;1
2018-05-12_03:08:37;shake;0.002;853;1
2018-05-12_03:08:37;shake;0.002;854;1
2018-05-12_03:08:37;shake;0.002;855;1
2018-05-12_03:08:37;shake;0.002;856;1
2018-05-12_03:08:37;shake;0.002;857;1
2018-05-12_03:08:37;shake;0.002;858;1
2018-05-12_03:08:37;shake;0.002;859;1
2018-05-12_03:08:37;shake;0.002;860;1
2018-05-12_03:08:37;shake;0.002;861;1
2018-05-12_03:08:37;shake;0.002;862;1
2018-05-12_03:08:37;shake;0.002;863;1
2018-05-12_03:08:37;shake;0.002;864;1
2018-05-12_03:08:37;shake;0.002;865;1
2018-05-12_03:08:37;shake;0.002;867;1
2018-05-12_03:08:37;shake;0.002;869;1
2018-05-12_03:08:37;shake;0.002;872;1
2018-05-12_03:08:37;shake;0.002;873;1
2018-05-12_03:08:37;shake;0.002;874;1
2018-05-12_03:08:37;shake;0.002;875;1
2018-05-12_03:08:37;shake;0.002;876;1
2018-05-12_03:08:37;shake;0.002;877;1
2018-05-12_03:08:37;shake;0.002;878;1
2018-05-12_03:08:37;shake;0.002;879;1
2018-05-12_03:08:37;shake;0.002;880;1
2018-05-12_03:08:37;shake;0.002;881;1
2018-05-12_03:08:37;shake;0.002;882;1
2018-05-12_03:08:37;shake;0.002;884;1
2018-05-12_03:08:37;shake;0.002;886;1
2018-05-12_03:08:37;shake;0.002;889;1
2018-05-12_03:08:37;shake;0.002;890;1
2018-05-12_03:08:37;shake;0.002;892;1
2018-05-12_03:08:37;shake;0.002;893;1
2018-05-12_03:08:37;shake;0.002;894;1
2018-05-12_03:08:37;shake;0.002;895;1
2018-05-12_03:08:37;shake;0.002;896;1
2018-05-12_03:08:37;shake;0.002;897;1
2018-05-12_03:08:37;shake;0.002;898;1
2018-05-12_03:08:37;shake;0.002;899;1
2018-05-12_03:08:37;shake;0.002;900;1
2018-05-12_03:08:37;shake;0.002;901;1
2018-05-12_03:08:37;shake;0.002;902;1
2018-05-12_03:08:37;shake;0.002;903;1
2018-05-12_03:08:37;shake;0.002;904;1
2018-05-12_03:08:37;shake;0.002;905;1
2018-05-12_03:08:37;shake;0.002;906;1
2018-05-12_03:08:37;shake;0.002;907;1
2018-05-12_03:08:37;shake;0.002;908;1
2018-05-12_03:08:37;shake;0.002;909;1
2018-05-12_03:08:37;shake;0.002;910;1
2018-05-12_03:08:37;shake;0.002;911;1
2018-05-12_03:08:37;shake;0.002;912;1
2018-05-12_03:08:37;shake;0.002;913;1
2018-05-12_03:08:37;shake;0.002;914;1
2018-05-12_03:08:37;shake;0.002;915;1
2018-05-12_03:08:37;shake;0.002;916;1
2018-05-12_03:08:37;shake;0.002;917;1
2018-05-12_03:08:37;shake;0.002;918;1
2018-05-12_03:08:37;shake;0.002;919;1
2018-05-12_03:08:37;shake;0.002;920;1
2018-05-12_03:08:37;shake;0.002;921;1
2018-05-12_03:08:37;shake;0.002;922;1
2018-05-12_03:08:37;shake;0.002;923;1
2018-05-12_03:08:37;shake;0.002;924;1
2018-05-12_03:08:37;shake;0.002;925;1
2018-05-12_03:08:37;shake;0.002;926;1
2018-05-12_03:08:37;shake;0.002;928;1
2018-05-12_03:08:37;shake;0.002;930;1
2018-05-12_03:08:37;shake;0.002;931;1
2018-05-12_03:08:37;shake;0.002;932;1
2018-05-12_03:08:37;shake;0.002;933;1
2018-05-12_03:08:37;shake;0.002;935;1
2018-05-12_03:08:37;shake;0.002;936;1
2018-05-12_03:08:37;shake;0.002;937;1
2018-05-12_03:08:37;shake;0.002;938;1
2018-05-12_03:08:37;shake;0.002;939;1
2018-05-12_03:08:37;shake;0.002;940;1
2018-05-12_03:08:37;shake;0.002;941;1
2018-05-12_03:08:37;shake;0.002;942;1
2018-05-12_03:08:37;shake;0.002;943;1
2018-05-12_03:08:37;shake;0.002;944;1
2018-05-12_03:08:37;shake;0.002;945;1
2018-05-12_03:08:37;shake;0.002;946;1
2018-05-12_03:08:37;shake;0.002;947;1
2018-05-12_03:08:37;shake;0.002;948;1
2018-05-12_03:08:37;shake;0.002;949;1
2018-05-12_03:08:37;shake;0.002;950;1
2018-05-12_03:08:37;shake;0.002;951;1
2018-05-12_03:08:37;shake;0.002;952;1
2018-05-12_03:08:37;shake;0.002;953;1
2018-05-12_03:08:37;shake;0.002;954;1
2018-05-12_03:08:37;shake;0.002;955;1
2018-05-12_03:08:37;shake;0.002;956;1
2018-05-12_03:08:37;shake;0.002;958;1
2018-05-12_03:08:37;shake;0.002;959;1
2018-05-12_03:08:37;shake;0.002;960;1
2018-05-12_03:08:37;shake;0.002;961;1
2018-05-12_03:08:37;shake;0.002;962;1
2018-05-12_03:08:37;shake;0.002;963;1
2018-05-12_03:08:37;shake;0.002;964;1
2018-05-12_03:08:37;shake;0.002;966;1
2018-05-12_03:08:37;shake;0.002;967;1
2018-05-12_03:08:37;shake;0.002;968;1
2018-05-12_03:08:37;shake;0.002;969;1
2018-05-12_03:08:37;shake;0.002;970;1
2018-05-12_03:08:37;shake;0.002;971;1
2018-05-12_03:08:37;shake;0.002;972;1
2018-05-12_03:08:37;shake;0.002;973;1
2018-05-12_03:08:37;shake;0.002;974;1
2018-05-12_03:08:37;shake;0.002;975;1
2018-05-12_03:08:37;shake;0.002;976;1
2018-05-12_03:08:37;shake;0.002;977;1
2018-05-12_03:08:37;shake;0.002;981;1
2018-05-12_03:08:37;shake;0.002;982;1
2018-05-12_03:08:37;shake;0.002;983;1
2018-05-12_03:08:37;shake;0.002;984;1
2018-05-12_03:08:37;shake;0.002;985;1
2018-05-12_03:08:37;shake;0.002;987;1
2018-05-12_03:08:37;shake;0.002;989;1
2018-05-12_03:08:37;shake;0.002;990;1
2018-05-12_03:08:37;shake;0.002;991;1
2018-05-12_03:08:37;shake;0.002;992;1
2018-05-12_03:08:37;shake;0.002;993;1
2018-05-12_03:08:37;shake;0.002;995;1
2018-05-12_03:08:37;shake;0.002;996;1
2018-05-12_03:08:37;shake;0.002;997;1
2018-05-12_03:08:37;shake;0.002;998;1
2018-05-12_03:08:37;shake;0.002;999;1
2018-05-12_03:08:37;shake;0.002;1000;1
2018-05-12_03:08:37;shake;0.002;1001;1
2018-05-12_03:08:37;shake;0.002;1002;1
2018-05-12_03:08:37;shake;0.002;1003;1
2018-05-12_03:08:37;shake;0.002;1004;1
2018-05-12_03:08:37;shake;0.002;1005;1
2018-05-12_03:08:37;shake;0.002;1006;1
2018-05-12_03:08:37;shake;0.002;1007;1
2018-05-12_03:08:37;shake;0.002;1008;1
2018-05-12_03:08:37;shake;0.002;1009;1
2018-05-12_03:08:37;shake;0.002;1010;1
2018-05-12_03:08:37;shake;0.002;1011;1
2018-05-12_03:08:37;shake;0.002;1013;1
2018-05-12_03:08:37;shake;0.002;1014;1
2018-05-12_03:08:37;shake;0.002;1015;1
2018-05-12_03:08:37;shake;0.002;1016;1
2018-05-12_03:08:37;shake;0.002;1017;1
2018-05-12_03:08:37;shake;0.002;1018;1
2018-05-12_03:08:37;shake;0.002;1019;1
2018-05-12_03:08:37;shake;0.002;1020;1
2018-05-12_03:08:37;shake;0.002;1021;1
2018-05-12_03:08:37;shake;0.002;1023;1
2018-05-12_03:08:37;shake;0.002;1024;1
2018-05-12_03:08:37;shake;0.002;1026;1
2018-05-12_03:08:37;shake;0.002;1027;1
2018-05-12_03:08:37;shake;0.002;1028;1
2018-05-12_03:08:37;shake;0.002;1030;1
2018-05-12_03:08:37;shake;0.002;1032;1
2018-05-12_03:08:37;shake;0.002;1033;1
2018-05-12_03:08:37;shake;0.002;1034;1
2018-05-12_03:08:37;shake;0.002;1035;1
2018-05-12_03:08:37;shake;0.002;1036;1
2018-05-12_03:08:37;shake;0.002;1037;1
2018-05-12_03:08:37;shake;0.002;1038;1
2018-05-12_03:08:37;shake;0.002;1040;1
2018-05-12_03:08:37;shake;0.002;1041;1
2018-05-12_03:08:37;shake;0.002;1043;1
2018-05-12_03:08:37;shake;0.002;1044;1
2018-05-12_03:08:37;shake;0.002;1045;1
2018-05-12_03:08:37;shake;0.002;1046;1
2018-05-12_03:08:37;shake;0.002;1047;1
2018-05-12_03:08:37;shake;0.002;1049;1
2018-05-12_03:08:37;shake;0.002;1050;1
2018-05-12_03:08:37;shake;0.002;1051;1
2018-05-12_03:08:37;shake;0.002;1052;1
2018-05-12_03:08:37;shake;0.002;1053;1
2018-05-12_03:08:37;shake;0.002;1054;1
2018-05-12_03:08:37;shake;0.002;1055;1
2018-05-12_03:08:37;shake;0.002;1056;1
2018-05-12_03:08:37;shake;0.002;1057;1
2018-05-12_03:08:37;shake;0.002;1058;1
2018-05-12_03:08:37;shake;0.002;1060;1
2018-05-12_03:08:37;shake;0.002;1061;1
2018-05-12_03:08:37;shake;0.002;1062;1
2018-05-12_03:08:37;shake;0.002;1063;1
2018-05-12_03:08:37;shake;0.002;1064;1
2018-05-12_03:08:37;shake;0.002;1065;1
2018-05-12_03:08:37;shake;0.002;1066;1
2018-05-12_03:08:37;shake;0.002;1068;1
2018-05-12_03:08:37;shake;0.002;1069;1
2018-05-12_03:08:37;shake;0.002;1070;1
2018-05-12_03:08:37;shake;0.002;1071;1
2018-05-12_03:08:37;shake;0.002;1072;1
2018-05-12_03:08:37;shake;0.002;1073;1
2018-05-12_03:08:37;shake;0.002;1074;1
2018-05-12_03:08:37;shake;0.002;1075;1
2018-05-12_03:08:37;shake;0.002;1076;1
2018-05-12_03:08:37;shake;0.002;1077;1
2018-05-12_03:08:37;shake;0.002;1078;1
2018-05-12_03:08:37;shake;0.002;1079;1
2018-05-12_03:08:37;shake;0.002;1080;1
2018-05-12_03:08:37;shake;0.002;1081;1
2018-05-12_03:08:37;shake;0.002;1083;1
2018-05-12_03:08:37;shake;0.002;1084;1
2018-05-12_03:08:37;shake;0.002;1085;1
2018-05-12_03:08:37;shake;0.002;1086;1
2018-05-12_03:08:37;shake;0.002;1088;1
2018-05-12_03:08:37;shake;0.002;1089;1
2018-05-12_03:08:37;shake;0.002;1090;1
2018-05-12_03:08:37;shake;0.002;1091;1
2018-05-12_03:08:37;shake;0.002;1093;1
2018-05-12_03:08:37;shake;0.002;1094;1
2018-05-12_03:08:37;shake;0.002;1095;1
2018-05-12_03:08:37;shake;0.002;1096;1
2018-05-12_03:08:37;shake;0.002;1097;1
2018-05-12_03:08:37;shake;0.002;1098;1
2018-05-12_03:08:37;shake;0.002;1100;1
2018-05-12_03:08:37;shake;0.002;1101;1
2018-05-12_03:08:37;shake;0.002;1102;1
2018-05-12_03:08:37;shake;0.002;1103;1
2018-05-12_03:08:37;shake;0.002;1104;1
2018-05-12_03:08:37;shake;0.002;1105;1
2018-05-12_03:08:37;shake;0.002;1106;1
2018-05-12_03:08:37;shake;0.002;1107;1
2018-05-12_03:08:37;shake;0.002;1108;1
2018-05-12_03:08:37;shake;0.002;1109;1
2018-05-12_03:08:37;shake;0.002;1110;1
2018-05-12_03:08:37;shake;0.002;1111;1
2018-05-12_03:08:37;shake;0.002;1112;1
2018-05-12_03:08:37;shake;0.002;1113;1
2018-05-12_03:08:37;shake;0.002;1114;1
2018-05-12_03:08:37;shake;0.002;1115;1
2018-05-12_03:08:37;shake;0.002;1116;1
2018-05-12_03:08:37;shake;0.002;1117;1
2018-05-12_03:08:37;shake;0.002;1118;1
2018-05-12_03:08:37;shake;0.002;1119;1
2018-05-12_03:08:37;shake;0.002;1120;1
2018-05-12_03:08:37;shake;0.002;1121;1
2018-05-12_03:08:37;shake;0.002;1122;1
2018-05-12_03:08:37;shake;0.002;1123;1
2018-05-12_03:08:37;shake;0.002;1124;1
2018-05-12_03:08:37;shake;0.002;1125;1
2018-05-12_03:08:37;shake;0.002;1126;1
2018-05-12_03:08:37;shake;0.002;1127;1
2018-05-12_03:08:37;shake;0.002;1128;1
2018-05-12_03:08:37;shake;0.002;1131;1
2018-05-12_03:08:37;shake;0.002;1132;1
2018-05-12_03:08:37;shake;0.002;1133;1
2018-05-12_03:08:37;shake;0.002;1134;1
2018-05-12_03:08:37;shake;0.002;1135;1
2018-05-12_03:08:37;shake;0.002;1136;1
2018-05-12_03:08:37;shake;0.002;1137;1
2018-05-12_03:08:37;shake;0.002;1138;1
2018-05-12_03:08:37;shake;0.002;1139;1
2018-05-12_03:08:37;shake;0.002;1140;1
2018-05-12_03:08:37;shake;0.002;1141;1
2018-05-12_03:08:37;shake;0.002;1142;1
2018-05-12_03:08:37;shake;0.002;1143;1
2018-05-12_03:08:37;shake;0.002;1144;1
2018-05-12_03:08:37;shake;0.002;1145;1
2018-05-12_03:08:37;shake;0.002;1146;1
2018-05-12_03:08:37;shake;0.002;1147;1
2018-05-12_03:08:37;shake;0.002;1148;1
2018-05-12_03:08:37;shake;0.002;1149;1
2018-05-12_03:08:37;shake;0.002;1150;1
2018-05-12_03:08:37;shake;0.002;1152;1
2018-05-12_03:08:37;shake;0.002;1153;1
2018-05-12_03:08:37;shake;0.002;1154;1
2018-05-12_03:08:37;shake;0.002;1155;1
2018-05-12_03:08:37;shake;0.002;1156;1
2018-05-12_03:08:37;shake;0.002;1158;1
2018-05-12_03:08:37;shake;0.002;1159;1
2018-05-12_03:08:37;shake;0.002;1160;1
2018-05-12_03:08:37;shake;0.002;1161;1
2018-05-12_03:08:37;shake;0.002;1162;1
2018-05-12_03:08:37;shake;0.002;1163;1
2018-05-12_03:08:37;shake;0.002;1164;1
2018-05-12_03:08:37;shake;0.002;1166;1
2018-05-12_03:08:37;shake;0.002;1167;1
2018-05-12_03:08:37;shake;0.002;1168;1
2018-05-12_03:08:37;shake;0.002;1169;1
2018-05-12_03:08:37;shake;0.002;1170;1
2018-05-12_03:08:37;shake;0.002;1171;1
2018-05-12_03:08:37;shake;0.002;1172;1
2018-05-12_03:08:37;shake;0.002;1173;1
2018-05-12_03:08:37;shake;0.002;1174;1
2018-05-12_03:08:37;shake;0.002;1176;1
2018-05-12_03:08:37;shake;0.002;1177;1
2018-05-12_03:08:37;shake;0.002;1178;1
2018-05-12_03:08:37;shake;0.002;1179;1
2018-05-12_03:08:37;shake;0.002;1180;1
2018-05-12_03:08:37;shake;0.002;1182;1
2018-05-12_03:08:37;shake;0.002;1183;1
2018-05-12_03:08:37;shake;0.002;1184;1
2018-05-12_03:08:37;shake;0.002;1186;1
2018-05-12_03:08:37;shake;0.002;1187;1
2018-05-12_03:08:37;shake;0.002;1188;1
2018-05-12_03:08:37;shake;0.002;1189;1
2018-05-12_03:08:37;shake;0.002;1190;1
2018-05-12_03:08:37;shake;0.002;1191;1
2018-05-12_03:08:37;shake;0.002;1192;1
2018-05-12_03:08:37;shake;0.002;1193;1
2018-05-12_03:08:37;shake;0.002;1194;1
2018-05-12_03:08:37;shake;0.002;1195;1
2018-05-12_03:08:37;shake;0.002;1196;1
2018-05-12_03:08:37;shake;0.002;1197;1
2018-05-12_03:08:37;shake;0.002;1198;1
2018-05-12_03:08:37;shake;0.002;1199;1
2018-05-12_03:08:37;shake;0.002;1200;1
2018-05-12_03:08:37;shake;0.002;1201;1
2018-05-12_03:08:37;shake;0.002;1202;1
2018-05-12_03:08:37;shake;0.002;1203;1
2018-05-12_03:08:37;shake;0.002;1204;1
2018-05-12_03:08:37;shake;0.002;1205;1
2018-05-12_03:08:37;shake;0.002;1206;1
2018-05-12_03:08:37;shake;0.002;1207;1
2018-05-12_03:08:37;shake;0.002;1208;1
2018-05-12_03:08:37;shake;0.002;1209;1
2018-05-12_03:08:37;shake;0.002;1210;1
2018-05-12_03:08:37;shake;0.002;1211;1
2018-05-12_03:08:37;shake;0.002;1212;1
2018-05-12_03:08:37;shake;0.002;1216;1
2018-05-12_03:08:37;shake;0.002;1217;1
2018-05-12_03:08:37;shake;0.002;1218;1
2018-05-12_03:08:37;shake;0.002;1219;1
2018-05-12_03:08:37;shake;0.002;1220;1
2018-05-12_03:08:37;shake;0.002;1221;1
2018-05-12_03:08:37;shake;0.002;1223;1
2018-05-12_03:08:37;shake;0.002;1224;1
2018-05-12_03:08:37;shake;0.002;1225;1
2018-05-12_03:08:37;shake;0.002;1227;1
2018-05-12_03:08:37;shake;0.002;1228;1
2018-05-12_03:08:37;shake;0.002;1229;1
2018-05-12_03:08:37;shake;0.002;1230;1
2018-05-12_03:08:37;shake;0.002;1231;1
2018-05-12_03:08:37;shake;0.002;1232;1
2018-05-12_03:08:37;shake;0.002;1234;1
2018-05-12_03:08:37;shake;0.002;1235;1
2018-05-12_03:08:37;shake;0.002;1236;1
2018-05-12_03:08:37;shake;0.002;1237;1
2018-05-12_03:08:37;shake;0.002;1238;1
2018-05-12_03:08:37;shake;0.002;1239;1
2018-05-12_03:08:37;shake;0.002;1240;1
2018-05-12_03:08:37;shake;0.002;1241;1
2018-05-12_03:08:37;shake;0.002;1242;1
2018-05-12_03:08:37;shake;0.002;1243;1
2018-05-12_03:08:37;shake;0.002;1244;1
2018-05-12_03:08:37;shake;0.002;1245;1
2018-05-12_03:08:37;shake;0.002;1246;1
2018-05-12_03:08:37;shake;0.002;1247;1
2018-05-12_03:08:37;shake;0.002;1248;1
2018-05-12_03:08:37;shake;0.002;1249;1
2018-05-12_03:08:37;shake;0.002;1250;1
2018-05-12_03:08:37;shake;0.002;1251;1
2018-05-12_03:08:37;shake;0.002;1252;1
2018-05-12_03:08:37;shake;0.002;1253;1
2018-05-12_03:08:37;shake;0.002;1254;1
2018-05-12_03:08:37;shake;0.002;1255;1
2018-05-12_03:08:37;shake;0.002;1256;1
2018-05-12_03:08:37;shake;0.002;1257;1
2018-05-12_03:08:37;shake;0.002;1258;1
2018-05-12_03:08:37;shake;0.002;1260;1
2018-05-12_03:08:37;shake;0.002;1261;1
2018-05-12_03:08:37;shake;0.002;1262;1
2018-05-12_03:08:37;shake;0.002;1263;1
2018-05-12_03:08:37;shake;0.002;1264;1
2018-05-12_03:08:37;shake;0.002;1265;1
2018-05-12_03:08:37;shake;0.002;1266;1
2018-05-12_03:08:37;shake;0.002;1267;1
2018-05-12_03:08:37;shake;0.002;1268;1
2018-05-12_03:08:37;shake;0.002;1270;1
2018-05-12_03:08:37;shake;0.002;1271;1
2018-05-12_03:08:37;shake;0.002;1272;1
2018-05-12_03:08:37;shake;0.002;1273;1
2018-05-12_03:08:37;shake;0.002;1274;1
2018-05-12_03:08:37;shake;0.002;1275;1
2018-05-12_03:08:37;shake;0.002;1276;1
2018-05-12_03:08:37;shake;0.002;1277;1
2018-05-12_03:08:37;shake;0.002;1278;1
2018-05-12_03:08:37;shake;0.002;1279;1
2018-05-12_03:08:37;shake;0.002;1280;1
2018-05-12_03:08:37;shake;0.002;1281;1
2018-05-12_03:08:37;shake;0.002;1282;1
2018-05-12_03:08:37;shake;0.002;1283;1
2018-05-12_03:08:37;shake;0.002;1285;1
2018-05-12_03:08:37;shake;0.002;1286;1
2018-05-12_03:08:37;shake;0.002;1287;1
2018-05-12_03:08:37;shake;0.002;1288;1
2018-05-12_03:08:37;shake;0.002;1289;1
2018-05-12_03:08:37;shake;0.002;1290;1
2018-05-12_03:08:37;shake;0.002;1291;1
2018-05-12_03:08:37;shake;0.002;1292;1
2018-05-12_03:08:37;shake;0.002;1293;1
2018-05-12_03:08:37;shake;0.002;1294;1
2018-05-12_03:08:37;shake;0.002;1295;1
2018-05-12_03:08:37;shake;0.002;1296;1
2018-05-12_03:08:37;shake;0.002;1297;1
2018-05-12_03:08:37;shake;0.002;1298;1
2018-05-12_03:08:37;shake;0.002;1299;1
2018-05-12_03:08:37;shake;0.002;1300;1
2018-05-12_03:08:37;shake;0.002;1301;1
2018-05-12_03:08:37;shake;0.002;1302;1
2018-05-12_03:08:37;shake;0.002;1303;1
2018-05-12_03:08:37;shake;0.002;1305;1
2018-05-12_03:08:37;shake;0.002;1306;1
2018-05-12_03:08:37;shake;0.002;1307;1
2018-05-12_03:08:37;shake;0.002;1308;1
2018-05-12_03:08:37;shake;0.002;1309;1
2018-05-12_03:08:37;shake;0.002;1311;1
2018-05-12_03:08:37;shake;0.002;1312;1
2018-05-12_03:08:37;shake;0.002;1313;1
2018-05-12_03:08:37;shake;0.002;1314;1
2018-05-12_03:08:37;shake;0.002;1316;1
2018-05-12_03:08:37;shake;0.002;1317;1
2018-05-12_03:08:37;shake;0.002;1318;1
2018-05-12_03:08:37;shake;0.002;1319;1
2018-05-12_03:08:37;shake;0.002;1320;1
2018-05-12_03:08:37;shake;0.002;1321;1
2018-05-12_03:08:37;shake;0.002;1322;1
2018-05-12_03:08:37;shake;0.002;1323;1
2018-05-12_03:08:37;shake;0.002;1324;1
2018-05-12_03:08:37;shake;0.002;1326;1
2018-05-12_03:08:37;shake;0.002;1327;1
2018-05-12_03:08:37;shake;0.002;1328;1
2018-05-12_03:08:37;shake;0.002;1329;1
2018-05-12_03:08:37;shake;0.002;1330;1
2018-05-12_03:08:37;shake;0.002;1332;1
2018-05-12_03:08:37;shake;0.002;1333;1
2018-05-12_03:08:37;shake;0.002;1335;1
2018-05-12_03:08:37;shake;0.002;1336;1
2018-05-12_03:08:37;shake;0.002;1337;1
2018-05-12_03:08:37;shake;0.002;1339;1
2018-05-12_03:08:37;shake;0.002;1340;1
2018-05-12_03:08:37;shake;0.002;1341;1
2018-05-12_03:08:37;shake;0.002;1342;1
2018-05-12_03:08:37;shake;0.002;1345;1
2018-05-12_03:08:37;shake;0.002;1346;1
2018-05-12_03:08:37;shake;0.002;1348;1
2018-05-12_03:08:37;shake;0.002;1349;1
2018-05-12_03:08:37;shake;0.002;1350;1
2018-05-12_03:08:37;shake;0.002;1351;1
2018-05-12_03:08:37;shake;0.002;1352;1
2018-05-12_03:08:37;shake;0.002;1353;1
2018-05-12_03:08:37;shake;0.002;1354;1
2018-05-12_03:08:37;shake;0.002;1355;1
2018-05-12_03:08:37;shake;0.002;1356;1
2018-05-12_03:08:37;shake;0.002;1357;1
2018-05-12_03:08:37;shake;0.002;1358;1
2018-05-12_03:08:37;shake;0.002;1359;1
2018-05-12_03:08:37;shake;0.002;1360;1
2018-05-12_03:08:37;shake;0.002;1362;1
2018-05-12_03:08:37;shake;0.002;1363;1
2018-05-12_03:08:37;shake;0.002;1364;1
2018-05-12_03:08:37;shake;0.002;1365;1
2018-05-12_03:08:37;shake;0.002;1366;1
2018-05-12_03:08:37;shake;0.002;1367;1
2018-05-12_03:08:37;shake;0.002;1368;1
2018-05-12_03:08:37;shake;0.002;1369;1
2018-05-12_03:08:37;shake;0.002;1370;1
2018-05-12_03:08:37;shake;0.002;1371;1
2018-05-12_03:08:37;shake;0.002;1372;1
2018-05-12_03:08:37;shake;0.002;1373;1
2018-05-12_03:08:37;shake;0.002;1374;1
2018-05-12_03:08:37;shake;0.002;1376;1
2018-05-12_03:08:37;shake;0.002;1378;1
2018-05-12_03:08:37;shake;0.002;1379;1
2018-05-12_03:08:37;shake;0.002;1380;1
2018-05-12_03:08:37;shake;0.002;1382;1
2018-05-12_03:08:37;shake;0.002;1383;1
2018-05-12_03:08:37;shake;0.002;1384;1
2018-05-12_03:08:37;shake;0.002;1385;1
2018-05-12_03:08:37;shake;0.002;1387;1
2018-05-12_03:08:37;shake;0.002;1388;1
2018-05-12_03:08:37;shake;0.002;1389;1
2018-05-12_03:08:37;shake;0.002;1390;1
2018-05-12_03:08:37;shake;0.002;1391;1
2018-05-12_03:08:37;shake;0.002;1392;1
2018-05-12_03:08:37;shake;0.002;1393;1
2018-05-12_03:08:37;shake;0.002;1394;1
2018-05-12_03:08:37;shake;0.002;1396;1
2018-05-12_03:08:37;shake;0.002;1397;1
2018-05-12_03:08:37;shake;0.002;1398;1
2018-05-12_03:08:37;shake;0.002;1399;1
2018-05-12_03:08:37;shake;0.002;1400;1
2018-05-12_03:08:37;shake;0.002;1401;1
2018-05-12_03:08:37;shake;0.002;1402;1
2018-05-12_03:08:37;shake;0.002;1403;1
2018-05-12_03:08:37;shake;0.002;1404;1
2018-05-12_03:08:37;shake;0.002;1405;1
2018-05-12_03:08:37;shake;0.002;1406;1
2018-05-12_03:08:37;shake;0.002;1407;1
2018-05-12_03:08:37;shake;0.002;1409;1
2018-05-12_03:08:37;shake;0.002;1410;1
2018-05-12_03:08:37;shake;0.002;1412;1
2018-05-12_03:08:37;shake;0.002;1413;1
2018-05-12_03:08:37;shake;0.002;1415;1
2018-05-12_03:08:37;shake;0.002;1416;1
2018-05-12_03:08:37;shake;0.002;1417;1
2018-05-12_03:08:37;shake;0.002;1419;1
2018-05-12_03:08:37;shake;0.002;1420;1
2018-05-12_03:08:37;shake;0.002;1421;1
2018-05-12_03:08:37;shake;0.002;1422;1
2018-05-12_03:08:37;shake;0.002;1424;1
2018-05-12_03:08:37;shake;0.002;1425;1
2018-05-12_03:08:37;shake;0.002;1427;1
2018-05-12_03:08:37;shake;0.002;1428;1
2018-05-12_03:08:37;shake;0.002;1430;1
2018-05-12_03:08:37;shake;0.002;1431;1
2018-05-12_03:08:37;shake;0.002;1432;1
2018-05-12_03:08:37;shake;0.002;1433;1
2018-05-12_03:08:37;shake;0.002;1434;1
2018-05-12_03:08:37;shake;0.002;1436;1
2018-05-12_03:08:37;shake;0.002;1438;1
2018-05-12_03:08:37;shake;0.002;1440;1
2018-05-12_03:08:37;shake;0.002;1441;1
2018-05-12_03:08:37;shake;0.002;1442;1
2018-05-12_03:08:37;shake;0.002;1443;1
2018-05-12_03:08:37;shake;0.002;1445;1
2018-05-12_03:08:37;shake;0.002;1446;1
2018-05-12_03:08:37;shake;0.002;1447;1
2018-05-12_03:08:37;shake;0.002;1448;1
2018-05-12_03:08:37;shake;0.002;1449;1
2018-05-12_03:08:37;shake;0.002;1450;1
2018-05-12_03:08:37;shake;0.002;1451;1
2018-05-12_03:08:37;shake;0.002;1452;1
2018-05-12_03:08:37;shake;0.002;1454;1
2018-05-12_03:08:37;shake;0.002;1455;1
2018-05-12_03:08:37;shake;0.002;1456;1
2018-05-12_03:08:37;shake;0.002;1457;1
2018-05-12_03:08:37;shake;0.002;1458;1
2018-05-12_03:08:37;shake;0.002;1460;1
2018-05-12_03:08:37;shake;0.002;1461;1
2018-05-12_03:08:37;shake;0.002;1462;1
2018-05-12_03:08:37;shake;0.002;1463;1
2018-05-12_03:08:37;shake;0.002;1464;1
2018-05-12_03:08:37;shake;0.002;1465;1
2018-05-12_03:08:37;shake;0.002;1466;1
2018-05-12_03:08:37;shake;0.002;1467;1
2018-05-12_03:08:37;shake;0.002;1469;1
2018-05-12_03:08:37;shake;0.002;1470;1
2018-05-12_03:08:37;shake;0.002;1471;1
2018-05-12_03:08:37;shake;0.002;1472;1
2018-05-12_03:08:37;shake;0.002;1474;1
2018-05-12_03:08:37;shake;0.002;1475;1
2018-05-12_03:08:37;shake;0.002;1476;1
2018-05-12_03:08:37;shake;0.002;1477;1
2018-05-12_03:08:37;shake;0.002;1478;1
2018-05-12_03:08:37;shake;0.002;1479;1
2018-05-12_03:08:37;shake;0.002;1480;1
2018-05-12_03:08:37;shake;0.002;1481;1
2018-05-12_03:08:37;shake;0.002;1482;1
2018-05-12_03:08:37;shake;0.002;1483;1
2018-05-12_03:08:37;shake;0.002;1484;1
2018-05-12_03:08:37;shake;0.002;1486;1
2018-05-12_03:08:37;shake;0.002;1487;1
2018-05-12_03:08:37;shake;0.002;1488;1
2018-05-12_03:08:37;shake;0.002;1489;1
2018-05-12_03:08:37;shake;0.002;1490;1
2018-05-12_03:08:37;shake;0.002;1491;1
2018-05-12_03:08:37;shake;0.002;1492;1
2018-05-12_03:08:37;shake;0.002;1493;1
2018-05-12_03:08:37;shake;0.002;1495;1
2018-05-12_03:08:37;shake;0.002;1496;1
2018-05-12_03:08:37;shake;0.002;1497;1
2018-05-12_03:08:37;shake;0.002;1498;1
2018-05-12_03:08:37;shake;0.002;1500;1
2018-05-12_03:08:37;shake;0.002;1501;1
2018-05-12_03:08:37;shake;0.002;1502;1
2018-05-12_03:08:37;shake;0.002;1505;1
2018-05-12_03:08:37;shake;0.002;1506;1
2018-05-12_03:08:37;shake;0.002;1508;1
2018-05-12_03:08:37;shake;0.002;1510;1
2018-05-12_03:08:37;shake;0.002;1511;1
2018-05-12_03:08:37;shake;0.002;1512;1
2018-05-12_03:08:37;shake;0.002;1513;1
2018-05-12_03:08:37;shake;0.002;1514;1
2018-05-12_03:08:37;shake;0.002;1515;1
2018-05-12_03:08:37;shake;0.002;1516;1
2018-05-12_03:08:37;shake;0.002;1517;1
2018-05-12_03:08:37;shake;0.002;1518;1
2018-05-12_03:08:37;shake;0.002;1519;1
2018-05-12_03:08:37;shake;0.002;1520;1
2018-05-12_03:08:37;shake;0.002;1522;1
2018-05-12_03:08:37;shake;0.002;1523;1
2018-05-12_03:08:37;shake;0.002;1524;1
2018-05-12_03:08:37;shake;0.002;1525;1
2018-05-12_03:08:37;shake;0.002;1526;1
2018-05-12_03:08:37;shake;0.002;1527;1
2018-05-12_03:08:37;shake;0.002;1530;1
2018-05-12_03:08:37;shake;0.002;1531;1
2018-05-12_03:08:37;shake;0.002;1532;1
2018-05-12_03:08:37;shake;0.002;1533;1
2018-05-12_03:08:37;shake;0.002;1536;1
2018-05-12_03:08:37;shake;0.002;1537;1
2018-05-12_03:08:37;shake;0.002;1540;1
2018-05-12_03:08:37;shake;0.002;1541;1
2018-05-12_03:08:37;shake;0.002;1543;1
2018-05-12_03:08:37;shake;0.002;1546;1
2018-05-12_03:08:37;shake;0.002;1547;1
2018-05-12_03:08:37;shake;0.002;1548;1
2018-05-12_03:08:37;shake;0.002;1549;1
2018-05-12_03:08:37;shake;0.002;1550;1
2018-05-12_03:08:37;shake;0.002;1551;1
2018-05-12_03:08:37;shake;0.002;1552;1
2018-05-12_03:08:37;shake;0.002;1553;1
2018-05-12_03:08:37;shake;0.002;1554;1
2018-05-12_03:08:37;shake;0.002;1555;1
2018-05-12_03:08:37;shake;0.002;1556;1
2018-05-12_03:08:37;shake;0.002;1558;1
2018-05-12_03:08:37;shake;0.002;1559;1
2018-05-12_03:08:37;shake;0.002;1560;1
2018-05-12_03:08:37;shake;0.002;1561;1
2018-05-12_03:08:37;shake;0.002;1563;1
2018-05-12_03:08:37;shake;0.002;1565;1
2018-05-12_03:08:37;shake;0.002;1566;1
2018-05-12_03:08:37;shake;0.002;1567;1
2018-05-12_03:08:37;shake;0.002;1568;1
2018-05-12_03:08:37;shake;0.002;1569;1
2018-05-12_03:08:37;shake;0.002;1570;1
2018-05-12_03:08:37;shake;0.002;1571;1
2018-05-12_03:08:37;shake;0.002;1573;1
2018-05-12_03:08:37;shake;0.002;1574;1
2018-05-12_03:08:37;shake;0.002;1575;1
2018-05-12_03:08:37;shake;0.002;1576;1
2018-05-12_03:08:37;shake;0.002;1577;1
2018-05-12_03:08:37;shake;0.002;1578;1
2018-05-12_03:08:37;shake;0.002;1579;1
2018-05-12_03:08:37;shake;0.002;1581;1
2018-05-12_03:08:37;shake;0.002;1582;1
2018-05-12_03:08:37;shake;0.002;1583;1
2018-05-12_03:08:37;shake;0.002;1584;1
2018-05-12_03:08:37;shake;0.002;1585;1
2018-05-12_03:08:37;shake;0.002;1587;1
2018-05-12_03:08:37;shake;0.002;1588;1
2018-05-12_03:08:37;shake;0.002;1589;1
2018-05-12_03:08:37;shake;0.002;1590;1
2018-05-12_03:08:37;shake;0.002;1591;1
2018-05-12_03:08:37;shake;0.002;1592;1
2018-05-12_03:08:37;shake;0.002;1593;1
2018-05-12_03:08:37;shake;0.002;1595;1
2018-05-12_03:08:37;shake;0.002;1596;1
2018-05-12_03:08:37;shake;0.002;1597;1
2018-05-12_03:08:37;shake;0.002;1598;1
2018-05-12_03:08:37;shake;0.002;1599;1
2018-05-12_03:08:37;shake;0.002;1600;1
2018-05-12_03:08:37;mutation_Phase1;0.01;1;1
2018-05-12_03:08:37;mutation_Phase1;0.01;2;1
2018-05-12_03:08:37;mutation_Phase1;0.01;3;1
2018-05-12_03:08:37;mutation_Phase1;0.01;4;1
2018-05-12_03:08:37;mutation_Phase1;0.01;5;1
2018-05-12_03:08:37;mutation_Phase1;0.01;6;1
2018-05-12_03:08:37;mutation_Phase1;0.01;7;1
2018-05-12_03:08:37;mutation_Phase1;0.01;8;1
2018-05-12_03:08:37;mutation_Phase1;0.01;9;1
2018-05-12_03:08:37;mutation_Phase1;0.01;10;1
2018-05-12_03:08:37;mutation_Phase1;0.01;11;1
2018-05-12_03:08:37;mutation_Phase1;0.01;12;1
2018-05-12_03:08:37;mutation_Phase1;0.01;13;1
2018-05-12_03:08:37;mutation_Phase1;0.01;14;1
2018-05-12_03:08:37;mutation_Phase1;0.01;15;1
2018-05-12_03:08:37;mutation_Phase1;0.01;16;1
2018-05-12_03:08:37;mutation_Phase1;0.01;17;1
2018-05-12_03:08:37;mutation_Phase1;0.01;18;1
2018-05-12_03:08:37;mutation_Phase1;0.01;19;1
2018-05-12_03:08:37;mutation_Phase1;0.01;20;1
2018-05-12_03:08:37;mutation_Phase1;0.01;21;1
2018-05-12_03:08:37;mutation_Phase1;0.01;22;1
2018-05-12_03:08:37;mutation_Phase1;0.01;23;1
2018-05-12_03:08:37;mutation_Phase1;0.01;24;1
2018-05-12_03:08:37;mutation_Phase1;0.01;25;1
2018-05-12_03:08:37;mutation_Phase1;0.01;26;1
2018-05-12_03:08:37;mutation_Phase1;0.01;27;1
2018-05-12_03:08:37;mutation_Phase1;0.01;28;1
2018-05-12_03:08:37;mutation_Phase1;0.01;29;1
2018-05-12_03:08:37;mutation_Phase1;0.01;30;1
2018-05-12_03:08:37;mutation_Phase1;0.01;31;1
2018-05-12_03:08:37;mutation_Phase1;0.01;32;1
2018-05-12_03:08:37;mutation_Phase1;0.01;33;1
2018-05-12_03:08:37;mutation_Phase1;0.01;34;1
2018-05-12_03:08:37;mutation_Phase1;0.01;36;1
2018-05-12_03:08:37;mutation_Phase1;0.01;37;1
2018-05-12_03:08:37;mutation_Phase1;0.01;38;1
2018-05-12_03:08:37;mutation_Phase1;0.01;39;1
2018-05-12_03:08:37;mutation_Phase1;0.01;40;1
2018-05-12_03:08:37;mutation_Phase1;0.01;41;1
2018-05-12_03:08:37;mutation_Phase1;0.01;42;1
2018-05-12_03:08:37;mutation_Phase1;0.01;44;1
2018-05-12_03:08:37;mutation_Phase1;0.01;45;1
2018-05-12_03:08:37;mutation_Phase1;0.01;46;1
2018-05-12_03:08:37;mutation_Phase1;0.01;47;1
2018-05-12_03:08:37;mutation_Phase1;0.01;48;1
2018-05-12_03:08:37;mutation_Phase1;0.01;49;1
2018-05-12_03:08:37;mutation_Phase1;0.01;50;1
2018-05-12_03:08:37;mutation_Phase1;0.01;51;1
2018-05-12_03:08:37;mutation_Phase1;0.01;52;1
2018-05-12_03:08:37;mutation_Phase1;0.01;53;1
2018-05-12_03:08:37;mutation_Phase1;0.01;54;1
2018-05-12_03:08:37;mutation_Phase1;0.01;55;1
2018-05-12_03:08:37;mutation_Phase1;0.01;56;1
2018-05-12_03:08:37;mutation_Phase1;0.01;57;1
2018-05-12_03:08:37;mutation_Phase1;0.01;58;1
2018-05-12_03:08:37;mutation_Phase1;0.01;59;1
2018-05-12_03:08:37;mutation_Phase1;0.01;61;1
2018-05-12_03:08:37;mutation_Phase1;0.01;62;1
2018-05-12_03:08:37;mutation_Phase1;0.01;63;1
2018-05-12_03:08:37;mutation_Phase1;0.01;64;1
2018-05-12_03:08:37;mutation_Phase1;0.01;65;1
2018-05-12_03:08:37;mutation_Phase1;0.01;66;1
2018-05-12_03:08:37;mutation_Phase1;0.01;68;1
2018-05-12_03:08:37;mutation_Phase1;0.01;70;1
2018-05-12_03:08:37;mutation_Phase1;0.01;71;1
2018-05-12_03:08:37;mutation_Phase1;0.01;73;1
2018-05-12_03:08:37;mutation_Phase1;0.01;74;1
2018-05-12_03:08:37;mutation_Phase1;0.01;75;1
2018-05-12_03:08:37;mutation_Phase1;0.01;76;1
2018-05-12_03:08:37;mutation_Phase1;0.01;77;1
2018-05-12_03:08:37;mutation_Phase1;0.01;78;1
2018-05-12_03:08:37;mutation_Phase1;0.01;79;1
2018-05-12_03:08:37;mutation_Phase1;0.01;80;1
2018-05-12_03:08:37;mutation_Phase1;0.01;81;1
2018-05-12_03:08:37;mutation_Phase1;0.01;82;1
2018-05-12_03:08:37;mutation_Phase1;0.01;83;1
2018-05-12_03:08:37;mutation_Phase1;0.01;84;1
2018-05-12_03:08:37;mutation_Phase1;0.01;85;1
2018-05-12_03:08:37;mutation_Phase1;0.01;86;1
2018-05-12_03:08:37;mutation_Phase1;0.01;87;1
2018-05-12_03:08:37;mutation_Phase1;0.01;88;1
2018-05-12_03:08:37;mutation_Phase1;0.01;89;1
2018-05-12_03:08:37;mutation_Phase1;0.01;90;1
2018-05-12_03:08:37;mutation_Phase1;0.01;91;1
2018-05-12_03:08:37;mutation_Phase1;0.01;92;1
2018-05-12_03:08:37;mutation_Phase1;0.01;93;1
2018-05-12_03:08:37;mutation_Phase1;0.01;94;1
2018-05-12_03:08:37;mutation_Phase1;0.01;95;1
2018-05-12_03:08:37;mutation_Phase1;0.01;96;1
2018-05-12_03:08:37;mutation_Phase1;0.01;97;1
2018-05-12_03:08:37;mutation_Phase1;0.01;99;1
2018-05-12_03:08:37;mutation_Phase1;0.01;100;1
2018-05-12_03:08:37;mutation_Phase1;0.01;101;1
2018-05-12_03:08:37;mutation_Phase1;0.01;102;1
2018-05-12_03:08:37;mutation_Phase1;0.01;103;1
2018-05-12_03:08:37;mutation_Phase1;0.01;104;1
2018-05-12_03:08:37;mutation_Phase1;0.01;105;1
2018-05-12_03:08:37;mutation_Phase1;0.01;106;1
2018-05-12_03:08:37;mutation_Phase1;0.01;107;1
2018-05-12_03:08:37;mutation_Phase1;0.01;108;1
2018-05-12_03:08:37;mutation_Phase1;0.01;109;1
2018-05-12_03:08:37;mutation_Phase1;0.01;110;1
2018-05-12_03:08:37;mutation_Phase1;0.01;111;1
2018-05-12_03:08:37;mutation_Phase1;0.01;112;1
2018-05-12_03:08:37;mutation_Phase1;0.01;113;1
2018-05-12_03:08:37;mutation_Phase1;0.01;114;1
2018-05-12_03:08:37;mutation_Phase1;0.01;115;1
2018-05-12_03:08:37;mutation_Phase1;0.01;117;1
2018-05-12_03:08:37;mutation_Phase1;0.01;118;1
2018-05-12_03:08:37;mutation_Phase1;0.01;119;1
2018-05-12_03:08:37;mutation_Phase1;0.01;121;1
2018-05-12_03:08:37;mutation_Phase1;0.01;122;1
2018-05-12_03:08:37;mutation_Phase1;0.01;123;1
2018-05-12_03:08:37;mutation_Phase1;0.01;128;1
2018-05-12_03:08:37;mutation_Phase1;0.01;129;1
2018-05-12_03:08:37;mutation_Phase1;0.01;131;1
2018-05-12_03:08:37;mutation_Phase1;0.01;132;1
2018-05-12_03:08:37;mutation_Phase1;0.01;133;1
2018-05-12_03:08:37;mutation_Phase1;0.01;134;1
2018-05-12_03:08:37;mutation_Phase1;0.01;136;1
2018-05-12_03:08:37;mutation_Phase1;0.01;137;1
2018-05-12_03:08:37;mutation_Phase1;0.01;139;1
2018-05-12_03:08:37;mutation_Phase1;0.01;140;1
2018-05-12_03:08:37;mutation_Phase1;0.01;141;1
2018-05-12_03:08:37;mutation_Phase1;0.01;142;1
2018-05-12_03:08:37;mutation_Phase1;0.01;143;1
2018-05-12_03:08:37;mutation_Phase1;0.01;144;1
2018-05-12_03:08:37;mutation_Phase1;0.01;145;1
2018-05-12_03:08:37;mutation_Phase1;0.01;146;1
2018-05-12_03:08:37;mutation_Phase1;0.01;147;1
2018-05-12_03:08:37;mutation_Phase1;0.01;148;1
2018-05-12_03:08:37;mutation_Phase1;0.01;149;1
2018-05-12_03:08:37;mutation_Phase1;0.01;151;1
2018-05-12_03:08:37;mutation_Phase1;0.01;152;1
2018-05-12_03:08:37;mutation_Phase1;0.01;153;1
2018-05-12_03:08:37;mutation_Phase1;0.01;154;1
2018-05-12_03:08:37;mutation_Phase1;0.01;155;1
2018-05-12_03:08:37;mutation_Phase1;0.01;156;1
2018-05-12_03:08:37;mutation_Phase1;0.01;157;1
2018-05-12_03:08:37;mutation_Phase1;0.01;158;1
2018-05-12_03:08:37;mutation_Phase1;0.01;159;1
2018-05-12_03:08:37;mutation_Phase1;0.01;161;1
2018-05-12_03:08:37;mutation_Phase1;0.01;163;1
2018-05-12_03:08:37;mutation_Phase1;0.01;164;1
2018-05-12_03:08:37;mutation_Phase1;0.01;165;1
2018-05-12_03:08:37;mutation_Phase1;0.01;166;1
2018-05-12_03:08:37;mutation_Phase1;0.01;167;1
2018-05-12_03:08:37;mutation_Phase1;0.01;168;1
2018-05-12_03:08:37;mutation_Phase1;0.01;169;1
2018-05-12_03:08:37;mutation_Phase1;0.01;171;1
2018-05-12_03:08:37;mutation_Phase1;0.01;172;1
2018-05-12_03:08:37;mutation_Phase1;0.01;173;1
2018-05-12_03:08:37;mutation_Phase1;0.01;176;1
2018-05-12_03:08:37;mutation_Phase1;0.01;177;1
2018-05-12_03:08:37;mutation_Phase1;0.01;178;1
2018-05-12_03:08:37;mutation_Phase1;0.01;179;1
2018-05-12_03:08:37;mutation_Phase1;0.01;181;1
2018-05-12_03:08:37;mutation_Phase1;0.01;182;1
2018-05-12_03:08:37;mutation_Phase1;0.01;183;1
2018-05-12_03:08:37;mutation_Phase1;0.01;185;1
2018-05-12_03:08:37;mutation_Phase1;0.01;186;1
2018-05-12_03:08:37;mutation_Phase1;0.01;188;1
2018-05-12_03:08:37;mutation_Phase1;0.01;189;1
2018-05-12_03:08:37;mutation_Phase1;0.01;193;1
2018-05-12_03:08:37;mutation_Phase1;0.01;194;1
2018-05-12_03:08:37;mutation_Phase1;0.01;195;1
2018-05-12_03:08:37;mutation_Phase1;0.01;197;1
2018-05-12_03:08:37;mutation_Phase1;0.01;198;1
2018-05-12_03:08:37;mutation_Phase1;0.01;199;1
2018-05-12_03:08:37;mutation_Phase1;0.01;203;1
2018-05-12_03:08:37;mutation_Phase1;0.01;204;1
2018-05-12_03:08:37;mutation_Phase1;0.01;205;1
2018-05-12_03:08:37;mutation_Phase1;0.01;206;1
2018-05-12_03:08:37;mutation_Phase1;0.01;207;1
2018-05-12_03:08:37;mutation_Phase1;0.01;211;1
2018-05-12_03:08:37;mutation_Phase1;0.01;213;1
2018-05-12_03:08:37;mutation_Phase1;0.01;214;1
2018-05-12_03:08:37;mutation_Phase1;0.01;215;1
2018-05-12_03:08:37;mutation_Phase1;0.01;216;1
2018-05-12_03:08:37;mutation_Phase1;0.01;221;1
2018-05-12_03:08:37;mutation_Phase1;0.01;224;1
2018-05-12_03:08:37;mutation_Phase1;0.01;228;1
2018-05-12_03:08:37;mutation_Phase1;0.01;230;1
2018-05-12_03:08:37;mutation_Phase1;0.01;231;1
2018-05-12_03:08:37;mutation_Phase1;0.01;232;1
2018-05-12_03:08:37;mutation_Phase1;0.01;236;1
2018-05-12_03:08:37;mutation_Phase1;0.01;239;1
2018-05-12_03:08:37;mutation_Phase1;0.01;242;1
2018-05-12_03:08:37;mutation_Phase1;0.01;246;1
2018-05-12_03:08:37;mutation_Phase1;0.01;247;1
2018-05-12_03:08:37;mutation_Phase1;0.01;248;1
2018-05-12_03:08:37;mutation_Phase1;0.01;250;1
2018-05-12_03:08:37;mutation_Phase1;0.01;252;1
2018-05-12_03:08:37;mutation_Phase1;0.01;254;1
2018-05-12_03:08:37;mutation_Phase1;0.01;257;1
2018-05-12_03:08:37;mutation_Phase1;0.01;258;1
2018-05-12_03:08:37;mutation_Phase1;0.01;260;1
2018-05-12_03:08:37;mutation_Phase1;0.01;261;1
2018-05-12_03:08:37;mutation_Phase1;0.01;263;1
2018-05-12_03:08:37;mutation_Phase1;0.01;264;1
2018-05-12_03:08:37;mutation_Phase1;0.01;265;1
2018-05-12_03:08:37;mutation_Phase1;0.01;268;1
2018-05-12_03:08:37;mutation_Phase1;0.01;270;1
2018-05-12_03:08:37;mutation_Phase1;0.01;274;1
2018-05-12_03:08:37;mutation_Phase1;0.01;275;1
2018-05-12_03:08:37;mutation_Phase1;0.01;277;1
2018-05-12_03:08:37;mutation_Phase1;0.01;278;1
2018-05-12_03:08:37;mutation_Phase1;0.01;279;1
2018-05-12_03:08:37;mutation_Phase1;0.01;282;1
2018-05-12_03:08:37;mutation_Phase1;0.01;283;1
2018-05-12_03:08:37;mutation_Phase1;0.01;284;1
2018-05-12_03:08:37;mutation_Phase1;0.01;286;1
2018-05-12_03:08:37;mutation_Phase1;0.01;292;1
2018-05-12_03:08:37;mutation_Phase1;0.01;294;1
2018-05-12_03:08:37;mutation_Phase1;0.01;296;1
2018-05-12_03:08:37;mutation_Phase1;0.01;298;1
2018-05-12_03:08:37;mutation_Phase1;0.01;300;1
2018-05-12_03:08:37;mutation_Phase1;0.01;305;1
2018-05-12_03:08:37;mutation_Phase1;0.01;306;1
2018-05-12_03:08:37;mutation_Phase1;0.01;307;1
2018-05-12_03:08:37;mutation_Phase1;0.01;308;1
2018-05-12_03:08:37;mutation_Phase1;0.01;309;1
2018-05-12_03:08:37;mutation_Phase1;0.01;325;1
2018-05-12_03:08:37;mutation_Phase1;0.01;331;1
2018-05-12_03:08:37;mutation_Phase1;0.01;332;1
2018-05-12_03:08:37;mutation_Phase1;0.01;336;1
2018-05-12_03:08:37;mutation_Phase1;0.01;340;1
2018-05-12_03:08:37;mutation_Phase1;0.01;341;1
2018-05-12_03:08:37;mutation_Phase1;0.01;348;1
2018-05-12_03:08:37;mutation_Phase1;0.01;350;1
2018-05-12_03:08:37;mutation_Phase1;0.01;352;1
2018-05-12_03:08:37;mutation_Phase1;0.01;353;1
2018-05-12_03:08:37;mutation_Phase1;0.01;355;1
2018-05-12_03:08:37;mutation_Phase1;0.01;361;1
2018-05-12_03:08:37;mutation_Phase1;0.01;367;1
2018-05-12_03:08:37;mutation_Phase1;0.01;370;1
2018-05-12_03:08:37;mutation_Phase1;0.01;372;1
2018-05-12_03:08:37;mutation_Phase1;0.01;377;1
2018-05-12_03:08:37;mutation_Phase1;0.01;389;1
2018-05-12_03:08:37;mutation_Phase1;0.01;390;1
2018-05-12_03:08:37;mutation_Phase1;0.01;391;1
2018-05-12_03:08:37;mutation_Phase1;0.01;392;1
2018-05-12_03:08:37;mutation_Phase1;0.01;393;1
2018-05-12_03:08:37;mutation_Phase1;0.01;394;1
2018-05-12_03:08:37;mutation_Phase1;0.01;395;1
2018-05-12_03:08:37;mutation_Phase1;0.01;400;1
2018-05-12_03:08:37;mutation_Phase1;0.01;407;1
2018-05-12_03:08:37;mutation_Phase1;0.01;413;1
2018-05-12_03:08:37;mutation_Phase1;0.01;421;1
2018-05-12_03:08:37;mutation_Phase1;0.01;426;1
2018-05-12_03:08:37;mutation_Phase1;0.01;427;1
2018-05-12_03:08:37;mutation_Phase1;0.01;433;1
2018-05-12_03:08:37;mutation_Phase1;0.01;436;1
2018-05-12_03:08:37;mutation_Phase1;0.01;450;1
2018-05-12_03:08:37;mutation_Phase1;0.01;458;1
2018-05-12_03:08:37;mutation_Phase1;0.01;467;1
2018-05-12_03:08:37;mutation_Phase1;0.01;468;1
2018-05-12_03:08:37;mutation_Phase1;0.01;469;1
2018-05-12_03:08:37;mutation_Phase1;0.01;483;1
2018-05-12_03:08:37;mutation_Phase1;0.01;485;1
2018-05-12_03:08:37;mutation_Phase1;0.01;490;1
2018-05-12_03:08:37;mutation_Phase1;0.01;496;1
2018-05-12_03:08:37;mutation_Phase1;0.01;498;1
2018-05-12_03:08:37;mutation_Phase1;0.01;499;1
2018-05-12_03:08:37;mutation_Phase1;0.01;505;1
2018-05-12_03:08:37;mutation_Phase1;0.01;507;1
2018-05-12_03:08:37;mutation_Phase1;0.01;513;1
2018-05-12_03:08:37;mutation_Phase1;0.01;524;1
2018-05-12_03:08:37;mutation_Phase1;0.01;525;1
2018-05-12_03:08:37;mutation_Phase1;0.01;532;1
2018-05-12_03:08:37;mutation_Phase1;0.01;550;1
2018-05-12_03:08:37;mutation_Phase1;0.01;583;1
2018-05-12_03:08:37;mutation_Phase1;0.01;588;1
2018-05-12_03:08:37;mutation_Phase1;0.01;604;1
2018-05-12_03:08:37;mutation_Phase1;0.01;616;1
2018-05-12_03:08:37;mutation_Phase1;0.01;620;1
2018-05-12_03:08:37;mutation_Phase1;0.01;632;1
2018-05-12_03:08:37;mutation_Phase1;0.01;633;1
2018-05-12_03:08:37;mutation_Phase1;0.01;634;1
2018-05-12_03:08:37;mutation_Phase1;0.01;641;1
2018-05-12_03:08:37;mutation_Phase1;0.01;652;1
2018-05-12_03:08:37;mutation_Phase1;0.01;670;1
2018-05-12_03:08:37;mutation_Phase1;0.01;674;1
2018-05-12_03:08:37;mutation_Phase1;0.01;675;1
2018-05-12_03:08:37;mutation_Phase1;0.01;700;1
2018-05-12_03:08:37;mutation_Phase1;0.01;702;1
2018-05-12_03:08:37;mutation_Phase1;0.01;751;1
2018-05-12_03:08:37;mutation_Phase1;0.01;756;1
2018-05-12_03:08:37;mutation_Phase1;0.01;762;1
2018-05-12_03:08:37;mutation_Phase1;0.01;792;1
2018-05-12_03:08:37;mutation_Phase1;0.01;818;1
2018-05-12_03:08:37;mutation_Phase1;0.01;829;1
2018-05-12_03:08:37;mutation_Phase1;0.01;865;1
2018-05-12_03:08:37;mutation_Phase1;0.01;900;1
2018-05-12_03:08:37;mutation_Phase1;0.01;915;1
2018-05-12_03:08:37;mutation_Phase1;0.01;991;1
2018-05-12_03:08:37;mutation_Phase1;0.01;993;1
2018-05-12_03:08:37;mutation_Phase1;0.01;1011;1
2018-05-12_03:08:37;mutation_Phase1;0.01;1263;1
2018-05-12_03:08:37;mutation_Phase2;0.01;1;1
2018-05-12_03:08:37;mutation_Phase2;0.01;2;1
2018-05-12_03:08:37;mutation_Phase2;0.01;3;1
2018-05-12_03:08:37;mutation_Phase2;0.01;4;1
2018-05-12_03:08:37;mutation_Phase2;0.01;5;1
2018-05-12_03:08:37;mutation_Phase2;0.01;6;1
2018-05-12_03:08:37;mutation_Phase2;0.01;8;1
2018-05-12_03:08:37;mutation_Phase2;0.01;9;1
2018-05-12_03:08:37;mutation_Phase2;0.01;12;1
2018-05-12_03:08:37;mutation_Phase2;0.01;15;1
2018-05-12_03:08:37;mutation_Phase2;0.01;17;1
2018-05-12_03:08:37;mutation_Phase2;0.01;18;1
2018-05-12_03:08:37;mutation_Phase2;0.01;19;1
2018-05-12_03:08:37;mutation_Phase2;0.01;20;1
2018-05-12_03:08:37;mutation_Phase2;0.01;21;1
2018-05-12_03:08:37;mutation_Phase2;0.01;22;1
2018-05-12_03:08:37;mutation_Phase2;0.01;25;1
2018-05-12_03:08:37;mutation_Phase2;0.01;26;1
2018-05-12_03:08:37;mutation_Phase2;0.01;29;1
2018-05-12_03:08:37;mutation_Phase2;0.01;30;1
2018-05-12_03:08:37;mutation_Phase2;0.01;33;1
2018-05-12_03:08:37;mutation_Phase2;0.01;34;1
2018-05-12_03:08:37;mutation_Phase2;0.01;35;1
2018-05-12_03:08:37;mutation_Phase2;0.01;36;1
2018-05-12_03:08:37;mutation_Phase2;0.01;40;1
2018-05-12_03:08:37;mutation_Phase2;0.01;41;1
2018-05-12_03:08:37;mutation_Phase2;0.01;42;1
2018-05-12_03:08:37;mutation_Phase2;0.01;43;1
2018-05-12_03:08:37;mutation_Phase2;0.01;44;1
2018-05-12_03:08:37;mutation_Phase2;0.01;46;1
2018-05-12_03:08:37;mutation_Phase2;0.01;48;1
2018-05-12_03:08:37;mutation_Phase2;0.01;49;1
2018-05-12_03:08:37;mutation_Phase2;0.01;50;1
2018-05-12_03:08:37;mutation_Phase2;0.01;52;1
2018-05-12_03:08:37;mutation_Phase2;0.01;53;1
2018-05-12_03:08:37;mutation_Phase2;0.01;56;1
2018-05-12_03:08:37;mutation_Phase2;0.01;63;1
2018-05-12_03:08:37;mutation_Phase2;0.01;70;1
2018-05-12_03:08:37;mutation_Phase2;0.01;72;1
2018-05-12_03:08:37;mutation_Phase2;0.01;73;1
2018-05-12_03:08:37;mutation_Phase2;0.01;76;1
2018-05-12_03:08:37;mutation_Phase2;0.01;77;1
2018-05-12_03:08:37;mutation_Phase2;0.01;79;1
2018-05-12_03:08:37;mutation_Phase2;0.01;80;1
2018-05-12_03:08:37;mutation_Phase2;0.01;89;1
2018-05-12_03:08:37;mutation_Phase2;0.01;91;1
2018-05-12_03:08:37;mutation_Phase2;0.01;92;1
2018-05-12_03:08:37;mutation_Phase2;0.01;93;1
2018-05-12_03:08:37;mutation_Phase2;0.01;98;1
2018-05-12_03:08:37;mutation_Phase2;0.01;101;1
2018-05-12_03:08:37;mutation_Phase2;0.01;103;1
2018-05-12_03:08:37;mutation_Phase2;0.01;105;1
2018-05-12_03:08:37;mutation_Phase2;0.01;107;1
2018-05-12_03:08:37;mutation_Phase2;0.01;111;1
2018-05-12_03:08:37;mutation_Phase2;0.01;114;1
2018-05-12_03:08:37;mutation_Phase2;0.01;115;1
2018-05-12_03:08:37;mutation_Phase2;0.01;116;1
2018-05-12_03:08:37;mutation_Phase2;0.01;119;1
2018-05-12_03:08:37;mutation_Phase2;0.01;123;1
2018-05-12_03:08:37;mutation_Phase2;0.01;127;1
2018-05-12_03:08:37;mutation_Phase2;0.01;133;1
2018-05-12_03:08:37;mutation_Phase2;0.01;144;1
2018-05-12_03:08:37;mutation_Phase2;0.01;147;1
2018-05-12_03:08:37;mutation_Phase2;0.01;153;1
2018-05-12_03:08:37;mutation_Phase2;0.01;159;1
2018-05-12_03:08:37;mutation_Phase2;0.01;163;1
2018-05-12_03:08:37;mutation_Phase2;0.01;169;1
2018-05-12_03:08:37;mutation_Phase2;0.01;172;1
2018-05-12_03:08:37;mutation_Phase2;0.01;202;1
2018-05-12_03:08:37;mutation_Phase2;0.01;210;1
2018-05-12_03:08:37;mutation_Phase2;0.01;213;1
2018-05-12_03:08:37;mutation_Phase2;0.01;214;1
2018-05-12_03:08:37;mutation_Phase2;0.01;218;1
2018-05-12_03:08:37;mutation_Phase2;0.01;238;1
2018-05-12_03:08:37;mutation_Phase2;0.01;293;1
2018-05-12_03:08:37;mutation_Phase2;0.01;432;1
2018-05-12_03:08:37;mutation_Phase2;0.01;438;1
2018-05-12_03:08:37;mutation_Phase2;0.01;575;1
2018-05-12_03:08:37;mutation_Phase2;0.01;629;1
2018-05-12_03:08:37;mutation_Phase2;0.01;641;1
2018-05-12_03:08:37;mutation_Phase2;0.01;714;1
2018-05-12_03:08:37;mutation_Phase2;0.01;809;1
2018-05-12_03:08:37;mutation_Phase2;0.01;908;1
2018-05-12_03:08:37;mutation_Phase2;0.01;1125;1
